Track Code;Rev.;Order Number;Line;REDTag;Short Tag;Cell;Reason;Pass Zone;PickInterrupted;Zone
102WTJ3;0;273672658;12;NO;NO;1;Pass Zone;1;0;5
104VTJ3;1;163162952;11;NO;NO;2;Pass Zone;1;0;5
105VTJ3;0;21172688;12;NO;NO;1;Pass Zone;1;0;5
112WTJ3;0;273672658;12;YES;NO;1;Pass Zone;1;0;5
112WTJ3;0;273672658;12;YES;NO;1;Pick Interrupted;0;1;2
114VTJ3;0;361275237;12;NO;NO;1;Pass Zone;1;0;5
115VTJ3;0;21172688;12;NO;NO;1;Pass Zone;1;0;5
122WTJ3;0;273672658;12;NO;NO;1;Pass Zone;1;0;5
124VTJ3;0;361275237;12;NO;NO;1;Pass Zone;1;0;5
125VTJ3;0;21172692;12;NO;NO;1;Pass Zone;1;0;5
12KTTJ3;0;273656177;12;NO;NO;1;Pass Zone;1;0;5
132WTJ3;0;163169039;12;YES;NO;1;Pass Zone;1;0;5
133VTJ3;0;21006568;11;NO;NO;1;Pass Zone;1;0;5
134VTJ3;0;361275237;12;NO;NO;1;Pass Zone;1;0;5
135VTJ3;0;21172692;12;NO;NO;1;Pass Zone;1;0;5
13KTTJ3;0;273656177;12;NO;NO;1;Pass Zone;1;0;5
142WTJ3;1;273657937;12;NO;NO;1;Pass Zone;1;0;5
144VTJ3;0;361275239;12;NO;NO;1;Pass Zone;1;0;5
145VTJ3;0;21172692;12;NO;NO;1;Pass Zone;1;0;5
14RQTJ3;0;273681644;11;YES;NO;2;Pass Zone;1;0;5
152WTJ3;1;273657937;12;NO;NO;1;Pass Zone;1;0;5
154VTJ3;0;361275239;12;NO;NO;1;Pass Zone;1;0;5
155VTJ3;0;21172692;12;NO;NO;1;Pass Zone;1;0;5
162WTJ3;0;163153376;12;NO;NO;1;Pass Zone;1;0;5
164VTJ3;0;361275239;12;NO;NO;1;Pass Zone;1;0;5
165VTJ3;0;21172692;12;NO;NO;1;Pass Zone;1;0;5
187VTJ3;0;21172771;12;NO;NO;1;Pass Zone;1;0;5
197VTJ3;0;21172771;12;NO;NO;1;Pass Zone;1;0;5
1B7VTJ3;0;21172771;12;NO;NO;1;Pass Zone;1;0;5
1C7VTJ3;0;21172771;12;NO;NO;1;Pass Zone;1;0;5
1CNQTJ3;0;113908881;11;YES;NO;1;Pass Zone;1;0;5
1D5VTJ3;0;21172696;12;NO;NO;1;Pass Zone;1;0;5
1D7VTJ3;0;21172771;12;NO;NO;1;Pass Zone;1;0;5
1F5VTJ3;0;21172696;12;NO;NO;1;Pass Zone;1;0;5
1F7VTJ3;0;21172769;12;NO;NO;1;Pass Zone;1;0;5
1G5VTJ3;0;21172696;12;NO;NO;1;Pass Zone;1;0;5
1G7VTJ3;0;21172769;12;NO;NO;1;Pass Zone;1;0;5
1H5VTJ3;0;21172696;12;NO;NO;1;Pass Zone;1;0;5
1H6VTJ3;0;163170915;12;NO;NO;1;Pass Zone;1;0;5
1H7VTJ3;0;21172769;12;NO;NO;1;Pass Zone;1;0;5
1HNQTJ3;0;191914734;11;YES;NO;2;Pass Zone;1;0;5
1J5VTJ3;0;21172696;12;NO;NO;1;Pass Zone;1;0;5
1J7VTJ3;0;21172769;12;NO;NO;1;Pass Zone;1;0;5
1K5VTJ3;0;21172697;12;YES;NO;1;Pass Zone;1;0;5
1K7VTJ3;0;21172769;12;NO;NO;1;Pass Zone;1;0;5
1L5VTJ3;0;21172697;12;NO;NO;1;Pass Zone;1;0;5
1LGTTJ3;0;21172534;12;NO;NO;1;Pass Zone;1;0;5
1M5VTJ3;0;21172697;12;NO;NO;1;Pass Zone;1;0;5
1MGTTJ3;0;21172545;12;NO;NO;1;Pass Zone;1;0;5
1N5VTJ3;0;21172697;12;NO;NO;1;Pass Zone;1;0;5
1NGTTJ3;0;21172545;12;NO;NO;1;Pass Zone;1;0;5
1P2VTJ3;0;20827481;11;NO;NO;2;Pass Zone;1;0;5
1P5VTJ3;0;21172697;12;NO;NO;1;Pass Zone;1;0;5
1PDTTJ3;0;21172712;11;NO;NO;1;Pass Zone;1;0;5
1PFTTJ3;0;84224738;12;NO;NO;1;Pass Zone;1;0;5
1PQNTJ3;0;471461407;12;NO;NO;1;Pass Zone;1;0;5
1Q6VTJ3;0;252186856;11;NO;NO;1;Pass Zone;1;0;5
1QFTTJ3;0;84224738;12;NO;NO;1;Pass Zone;1;0;5
1QHTTJ3;0;264801961;11;NO;NO;1;Pass Zone;1;0;5
1QJTTJ3;0;172373054;15;NO;NO;0;Pick Interrupted;0;1;13
1QQQTJ3;1;540604269;11;YES;NO;1;Pass Zone;1;0;5
1RSQTJ3;0;662925902;12;NO;NO;1;Pass Zone;1;0;5
1T2VTJ3;0;20827488;11;NO;NO;2;Pass Zone;1;0;5
1TBTTJ3;0;273681646;12;NO;NO;1;Pass Zone;1;0;5
1VBTTJ3;0;273681646;12;NO;NO;1;Pass Zone;1;0;5
1WBTTJ3;0;273681646;12;NO;NO;1;Pass Zone;1;0;5
1X4VTJ3;0;21172688;12;NO;NO;1;Pass Zone;1;0;5
1Y4VTJ3;0;21172688;12;NO;NO;1;Pass Zone;1;0;5
1Z1WTJ3;0;172376398;12;NO;NO;1;Pass Zone;1;0;5
1Z4VTJ3;0;21172688;12;NO;NO;1;Pass Zone;1;0;5
1ZXNTJ3;0;273643605;11;NO;NO;1;Pass Zone;1;0;5
202WTJ3;0;273672658;12;NO;NO;1;Pass Zone;1;0;5
205VTJ3;0;21172688;12;NO;NO;1;Pass Zone;1;0;5
212WTJ3;0;273672658;12;YES;NO;1;Pass Zone;1;0;5
214VTJ3;0;361275237;12;NO;NO;1;Pass Zone;1;0;5
215VTJ3;0;21172688;12;NO;NO;1;Pass Zone;1;0;5
21KTTJ3;0;671631454;11;NO;NO;1;Pass Zone;1;0;5
21SQTJ3;1;113909065;15;YES;NO;0;Pass Zone;1;0;5
222WTJ3;0;273672658;12;NO;NO;1;Pass Zone;1;0;5
224VTJ3;0;361275237;12;NO;NO;1;Pass Zone;1;0;5
225VTJ3;0;21172692;12;NO;NO;1;Pass Zone;1;0;5
22KTTJ3;0;273656177;12;NO;NO;1;Pass Zone;1;0;5
232WTJ3;0;163169039;12;NO;NO;1;Pass Zone;1;0;5
234VTJ3;0;361275237;12;NO;NO;1;Pass Zone;1;0;5
235VTJ3;0;21172692;12;NO;NO;1;Pass Zone;1;0;5
23CTTJ3;0;105605460;15;NO;NO;0;Pass Zone;1;0;5
23KTTJ3;0;273656177;12;NO;NO;1;Pass Zone;1;0;5
242WTJ3;1;273657937;12;NO;NO;1;Pass Zone;1;0;5
243VTJ3;0;21006568;11;NO;NO;1;Pass Zone;1;0;5
244VTJ3;0;361275239;12;NO;NO;1;Pass Zone;1;0;5
245VTJ3;0;21172692;12;NO;NO;1;Pass Zone;1;0;5
24KTTJ3;0;662916152;15;NO;NO;0;Pass Zone;1;0;6
252WTJ3;1;273657937;12;NO;NO;1;Pass Zone;1;0;5
253VTJ3;0;21006601;11;NO;NO;1;Pass Zone;1;0;5
254VTJ3;0;361275239;12;NO;NO;1;Pass Zone;1;0;5
255VTJ3;0;21172692;12;NO;NO;1;Pass Zone;1;0;5
262WTJ3;0;163153376;12;NO;NO;1;Pass Zone;1;0;5
264VTJ3;0;361275239;12;NO;NO;1;Pass Zone;1;0;5
265VTJ3;0;21172692;12;NO;NO;1;Pass Zone;1;0;5
26HTTJ3;0;273695817;11;NO;NO;2;Pass Zone;1;0;5
26JTTJ3;0;132092747;15;YES;NO;0;Pick Interrupted;0;1;13
26RQTJ3;0;105595559;11;NO;NO;2;Pass Zone;1;0;5
27FTTJ3;0;21085904;11;NO;NO;1;Pass Zone;1;0;5
282MTJ3;0;172383328;15;YES;NO;0;Pass Zone;1;0;5
287VTJ3;0;21172771;12;NO;NO;1;Pass Zone;1;0;5
289TTJ3;0;273632814;11;NO;NO;1;Pass Zone;1;0;5
28DTTJ3;0;252186858;11;YES;NO;2;Pass Zone;1;0;5
297VTJ3;0;21172771;12;NO;NO;1;Pass Zone;1;0;5
2B5VTJ3;0;21172694;11;YES;NO;2;Pass Zone;1;0;5
2B7VTJ3;0;21172771;12;NO;NO;1;Pass Zone;1;0;5
2BJTTJ3;0;671647212;11;NO;NO;1;Pick Interrupted;0;1;13
2BZNTJ3;0;163085265;12;YES;NO;1;Pass Zone;1;0;5
2C7VTJ3;0;21172771;12;NO;NO;1;Pass Zone;1;0;5
2D5VTJ3;0;21172696;12;NO;NO;1;Pass Zone;1;0;5
2D7VTJ3;0;21172771;12;NO;NO;1;Pass Zone;1;0;5
2F5VTJ3;0;21172696;12;NO;NO;1;Pass Zone;1;0;5
2F7VTJ3;0;21172769;12;NO;NO;1;Pass Zone;1;0;5
2G5VTJ3;0;21172696;12;NO;NO;1;Pass Zone;1;0;5
2G7VTJ3;0;21172769;12;NO;NO;1;Pass Zone;1;0;5
2H0PTJ3;0;662860794;15;NO;NO;0;Pass Zone;1;0;5
2H5VTJ3;0;21172696;12;NO;NO;1;Pass Zone;1;0;5
2H6VTJ3;0;163170915;12;NO;NO;1;Pass Zone;1;0;5
2H7VTJ3;0;21172769;12;NO;NO;1;Pass Zone;1;0;5
2HNQTJ3;0;191914734;11;YES;NO;2;Pass Zone;1;0;5
2HNQTJ3;0;191914734;11;YES;NO;2;Pick Interrupted;0;1;3
2J2VTJ3;0;20827470;11;NO;NO;1;Pass Zone;1;0;5
2J5VTJ3;0;21172696;12;NO;NO;1;Pass Zone;1;0;5
2J7VTJ3;0;21172769;12;NO;NO;1;Pass Zone;1;0;5
2K5VTJ3;0;21172697;12;NO;NO;1;Pass Zone;1;0;5
2K7VTJ3;0;21172769;12;NO;NO;1;Pass Zone;1;0;5
2KKTTJ3;0;163168746;11;YES;NO;2;Pass Zone;1;0;5
2L5VTJ3;0;21172697;12;NO;NO;1;Pass Zone;1;0;5
2LGTTJ3;0;21172534;12;NO;NO;1;Pass Zone;1;0;5
2M5VTJ3;0;21172697;12;NO;NO;1;Pass Zone;1;0;5
2MGTTJ3;0;21172545;12;NO;NO;1;Pass Zone;1;0;5
2N5VTJ3;0;21172697;12;NO;NO;1;Pass Zone;1;0;5
2NGTTJ3;0;21172545;12;NO;NO;1;Pass Zone;1;0;5
2NQQTJ3;0;163090424;11;NO;NO;2;Pass Zone;1;0;5
2P2VTJ3;0;20827481;11;NO;NO;1;Pass Zone;1;0;5
2P5VTJ3;0;21172697;12;NO;NO;1;Pass Zone;1;0;5
2PFTTJ3;0;84224738;12;NO;NO;1;Pass Zone;1;0;5
2PSQTJ3;0;662925902;12;YES;NO;1;Pass Zone;1;0;5
2PXNTJ3;0;471461416;12;NO;NO;1;Pass Zone;1;0;5
2QFTTJ3;0;84224738;12;NO;NO;1;Pass Zone;1;0;5
2S1VTJ3;0;20826486;11;NO;NO;1;Pass Zone;1;0;5
2TBTTJ3;0;273681646;12;NO;NO;1;Pass Zone;1;0;5
2VBTTJ3;0;273681646;12;NO;NO;1;Pass Zone;1;0;5
2WBTTJ3;0;273681646;12;NO;NO;1;Pass Zone;1;0;5
2WJTTJ3;0;273681649;11;NO;NO;1;Pass Zone;1;0;5
2X4VTJ3;0;21172688;12;NO;NO;1;Pass Zone;1;0;5
2Y4VTJ3;0;21172688;12;NO;NO;1;Pass Zone;1;0;5
2Z1WTJ3;0;172376398;12;NO;NO;1;Pass Zone;1;0;5
2Z4VTJ3;0;21172688;12;NO;NO;1;Pass Zone;1;0;5
2ZJQTJ3;0;671620039;11;NO;NO;2;Pass Zone;1;0;5
2ZQQTJ3;1;273693955;11;NO;NO;1;Pass Zone;1;0;5
301WTJ3;0;671599621;11;NO;NO;1;Pass Zone;1;0;5
302WTJ3;0;273672658;12;NO;NO;1;Pass Zone;1;0;5
305VTJ3;0;21172688;12;NO;NO;1;Pass Zone;1;0;5
312WTJ3;0;273672658;12;NO;NO;1;Pass Zone;1;0;5
314VTJ3;0;361275237;12;NO;NO;1;Pass Zone;1;0;5
315VTJ3;0;21172688;12;NO;NO;1;Pass Zone;1;0;5
31RQTJ3;1;273693955;11;NO;NO;1;Pass Zone;1;0;5
31SQTJ3;1;113909065;15;YES;NO;0;Pass Zone;1;0;5
322WTJ3;0;273672658;12;NO;NO;1;Pass Zone;1;0;5
324VTJ3;0;361275237;12;NO;NO;1;Pass Zone;1;0;5
325VTJ3;0;21172692;12;NO;NO;1;Pass Zone;1;0;5
32KTTJ3;0;273656177;12;NO;NO;1;Pass Zone;1;0;5
332VTJ3;0;20826644;11;NO;NO;1;Pass Zone;1;0;5
332WTJ3;0;163169039;12;NO;NO;1;Pass Zone;1;0;5
334VTJ3;0;361275237;12;NO;NO;1;Pass Zone;1;0;5
335VTJ3;0;21172692;12;NO;NO;1;Pass Zone;1;0;5
33KTTJ3;0;273656177;12;NO;NO;1;Pass Zone;1;0;5
342WTJ3;1;273657937;12;NO;NO;1;Pass Zone;1;0;5
344VTJ3;0;361275239;12;NO;NO;1;Pass Zone;1;0;5
345VTJ3;0;21172692;12;NO;NO;1;Pass Zone;1;0;5
352WTJ3;1;273657937;12;NO;NO;1;Pass Zone;1;0;5
354VTJ3;0;361275239;12;NO;NO;1;Pass Zone;1;0;5
355VTJ3;0;21172692;12;NO;NO;1;Pass Zone;1;0;5
356VTJ3;0;21006558;11;NO;NO;1;Pass Zone;1;0;5
35ZNTJ3;0;113908308;11;NO;NO;2;Pass Zone;1;0;5
362WTJ3;0;163153376;12;NO;NO;1;Pass Zone;1;0;5
364VTJ3;0;361275239;12;NO;NO;1;Pass Zone;1;0;5
365VTJ3;0;21172692;12;NO;NO;1;Pass Zone;1;0;5
377VTJ3;0;21172771;12;NO;NO;1;Pass Zone;1;0;5
387VTJ3;0;21172771;12;NO;NO;1;Pass Zone;1;0;5
397VTJ3;0;21172771;12;NO;NO;1;Pass Zone;1;0;5
3B7VTJ3;0;21172771;12;NO;NO;1;Pass Zone;1;0;5
3BXNTJ3;0;33631481;15;YES;NO;0;Pass Zone;1;0;5
3C2VTJ3;0;20827452;11;NO;NO;1;Pass Zone;1;0;5
3C7VTJ3;0;21172771;12;NO;NO;1;Pass Zone;1;0;5
3D5VTJ3;0;21172696;12;NO;NO;1;Pass Zone;1;0;5
3D7VTJ3;0;21172769;12;NO;NO;1;Pass Zone;1;0;5
3F5VTJ3;0;21172696;12;NO;NO;1;Pass Zone;1;0;5
3F7VTJ3;0;21172769;12;NO;NO;1;Pass Zone;1;0;5
3G5VTJ3;0;21172696;12;NO;NO;1;Pass Zone;1;0;5
3G7VTJ3;0;21172769;12;NO;NO;1;Pass Zone;1;0;5
3H5VTJ3;0;21172696;12;NO;NO;1;Pass Zone;1;0;5
3H6VTJ3;0;163170915;12;NO;NO;1;Pass Zone;1;0;5
3H7VTJ3;0;21172769;12;NO;NO;1;Pass Zone;1;0;5
3J2VTJ3;0;20827470;11;NO;NO;1;Pass Zone;1;0;5
3J5VTJ3;0;21172696;12;NO;NO;1;Pass Zone;1;0;5
3J7VTJ3;0;21172769;12;NO;NO;1;Pass Zone;1;0;5
3K1VTJ3;0;20926556;15;NO;NO;0;Pass Zone;1;0;5
3K5VTJ3;0;21172697;12;NO;NO;1;Pass Zone;1;0;5
3L5VTJ3;0;21172697;12;NO;NO;1;Pass Zone;1;0;5
3LGTTJ3;0;21172534;12;NO;NO;1;Pass Zone;1;0;5
3M5VTJ3;0;21172697;12;NO;NO;1;Pass Zone;1;0;5
3MGTTJ3;0;21172545;12;NO;NO;1;Pass Zone;1;0;5
3N5VTJ3;0;21172697;12;NO;NO;1;Pass Zone;1;0;5
3NFTTJ3;0;84224738;12;NO;NO;1;Pass Zone;1;0;5
3NGTTJ3;0;21172545;12;NO;NO;1;Pass Zone;1;0;5
3P5VTJ3;0;21172697;12;NO;NO;1;Pass Zone;1;0;5
3PFTTJ3;0;84224738;12;NO;NO;1;Pass Zone;1;0;5
3QFTTJ3;0;84224738;12;NO;NO;1;Pass Zone;1;0;5
3QGTTJ3;0;273695813;15;NO;NO;0;Pick Interrupted;0;1;6
3QQQTJ3;1;540604269;11;YES;NO;1;Pass Zone;1;0;5
3R2WTJ3;0;172382063;11;NO;NO;2;Pass Zone;1;0;5
3TBTTJ3;0;273681646;12;NO;NO;1;Pass Zone;1;0;5
3V1VTJ3;0;20826646;11;NO;NO;2;Pass Zone;1;0;5
3VBTTJ3;0;273681646;12;NO;NO;1;Pass Zone;1;0;5
3W0WTJ3;0;273648029;11;NO;NO;1;Pass Zone;1;0;5
3WBTTJ3;0;273681646;12;NO;NO;1;Pass Zone;1;0;5
3WQQTJ3;0;432474123;11;NO;NO;2;Pass Zone;1;0;5
3X4VTJ3;0;21172688;12;NO;NO;1;Pass Zone;1;0;5
3Y4VTJ3;0;21172688;12;NO;NO;1;Pass Zone;1;0;5
3YCTTJ3;0;273630061;11;NO;NO;2;Pass Zone;1;0;5
3Z1WTJ3;0;172376398;12;NO;NO;1;Pass Zone;1;0;5
3Z4VTJ3;0;21172688;12;NO;NO;1;Pass Zone;1;0;5
402WTJ3;0;273672658;12;NO;NO;1;Pass Zone;1;0;5
405VTJ3;0;21172688;12;NO;NO;1;Pass Zone;1;0;5
412WTJ3;0;273672658;12;NO;NO;1;Pass Zone;1;0;5
414VTJ3;0;361275237;12;NO;NO;1;Pass Zone;1;0;5
415VTJ3;0;21172692;12;NO;NO;1;Pass Zone;1;0;5
41SQTJ3;1;113909065;15;YES;NO;0;Pass Zone;1;0;5
422WTJ3;0;273672658;12;NO;NO;1;Pass Zone;1;0;5
424VTJ3;0;361275237;12;NO;NO;1;Pass Zone;1;0;5
425VTJ3;0;21172692;12;NO;NO;1;Pass Zone;1;0;5
42KTTJ3;0;273656177;12;NO;NO;1;Pass Zone;1;0;5
432WTJ3;0;163169039;12;NO;NO;1;Pass Zone;1;0;5
434VTJ3;0;361275237;12;YES;NO;1;Pass Zone;1;0;5
435VTJ3;0;21172692;12;NO;NO;1;Pass Zone;1;0;5
442WTJ3;1;273657937;12;NO;NO;1;Pass Zone;1;0;5
444VTJ3;0;361275239;12;NO;NO;1;Pass Zone;1;0;5
445VTJ3;0;21172692;12;NO;NO;1;Pass Zone;1;0;5
452WTJ3;1;273657937;12;NO;NO;1;Pass Zone;1;0;5
454VTJ3;0;361275239;12;NO;NO;1;Pass Zone;1;0;5
455VTJ3;0;21172692;12;NO;NO;1;Pass Zone;1;0;5
45RQTJ3;0;105595559;11;YES;NO;2;Pass Zone;1;0;5
462WTJ3;0;163153376;12;NO;NO;1;Pass Zone;1;0;5
464VTJ3;0;361275239;12;NO;NO;1;Pass Zone;1;0;5
46KTTJ3;1;113908236;15;YES;NO;0;Pass Zone;1;0;5
46SQTJ3;0;182020676;15;YES;NO;0;Pass Zone;1;0;5
477VTJ3;0;21172771;12;NO;NO;1;Pass Zone;1;0;5
482VTJ3;0;20826946;11;NO;NO;1;Pass Zone;1;0;5
487VTJ3;0;21172771;12;NO;NO;1;Pass Zone;1;0;5
497VTJ3;0;21172771;12;NO;NO;1;Pass Zone;1;0;5
49VNTJ3;0;144207129;15;NO;NO;0;Pick Interrupted;0;1;13
4B7VTJ3;0;21172771;12;NO;NO;1;Pass Zone;1;0;5
4BXNTJ3;0;33631481;15;YES;NO;0;Pass Zone;1;0;5
4BZNTJ3;0;163085265;12;YES;NO;1;Pass Zone;1;0;5
4C5VTJ3;0;21172696;12;NO;NO;1;Pass Zone;1;0;5
4C7VTJ3;0;21172771;12;NO;NO;1;Pass Zone;1;0;5
4CHTTJ3;1;671645718;11;YES;NO;1;Pass Zone;1;0;5
4CMQTJ3;0;152899460;12;YES;NO;1;Pass Zone;1;0;5
4CXNTJ3;0;563925418;15;YES;NO;0;Pass Zone;1;0;5
4D5VTJ3;0;21172696;12;NO;NO;1;Pass Zone;1;0;5
4D7VTJ3;0;21172769;12;NO;NO;1;Pass Zone;1;0;5
4F5VTJ3;0;21172696;12;NO;NO;1;Pass Zone;1;0;5
4F7VTJ3;0;21172769;12;NO;NO;1;Pass Zone;1;0;5
4G5VTJ3;0;21172696;12;NO;NO;1;Pass Zone;1;0;5
4G7VTJ3;0;21172769;12;NO;NO;1;Pass Zone;1;0;5
4GJQTJ3;0;144210777;11;YES;NO;1;Pass Zone;1;0;5
4H5VTJ3;0;21172696;12;NO;NO;1;Pass Zone;1;0;5
4H6VTJ3;0;163170915;12;NO;NO;1;Pass Zone;1;0;5
4H7VTJ3;0;21172769;12;NO;NO;1;Pass Zone;1;0;5
4J5VTJ3;0;21172697;12;NO;NO;1;Pass Zone;1;0;5
4J7VTJ3;0;21172769;12;NO;NO;1;Pass Zone;1;0;5
4K5VTJ3;0;21172697;12;NO;NO;1;Pass Zone;1;0;5
4L5VTJ3;0;21172697;12;NO;NO;1;Pass Zone;1;0;5
4LGTTJ3;0;21172534;12;NO;NO;1;Pass Zone;1;0;5
4M5VTJ3;0;21172697;12;NO;NO;1;Pass Zone;1;0;5
4MGTTJ3;0;21172545;12;NO;NO;1;Pass Zone;1;0;5
4MQQTJ3;0;163090424;11;NO;NO;2;Pass Zone;1;0;5
4N5VTJ3;0;21172697;12;NO;NO;1;Pass Zone;1;0;5
4NFTTJ3;0;84224738;12;YES;NO;1;Pass Zone;1;0;5
4NGTTJ3;0;21172545;12;NO;NO;1;Pass Zone;1;0;5
4PFTTJ3;0;84224738;12;NO;NO;1;Pass Zone;1;0;5
4Q1VTJ3;0;20826488;11;NO;NO;1;Pass Zone;1;0;5
4QFTTJ3;0;84224738;12;NO;NO;1;Pass Zone;1;0;5
4QGTTJ3;0;273695813;15;YES;NO;0;Pass Zone;1;0;5
4SBTTJ3;0;273681646;12;NO;NO;1;Pass Zone;1;0;5
4TBTTJ3;0;273681646;12;NO;NO;1;Pass Zone;1;0;5
4VBTTJ3;0;273681646;12;NO;NO;1;Pass Zone;1;0;5
4VKQTJ3;0;163085438;12;YES;NO;1;Pass Zone;1;0;5
4W4VTJ3;0;21172688;12;NO;NO;1;Pass Zone;1;0;5
4WBTTJ3;0;273681646;12;NO;NO;1;Pass Zone;1;0;5
4WQQTJ3;0;273663999;12;YES;NO;1;Pass Zone;1;0;5
4X4VTJ3;0;21172688;12;NO;NO;1;Pass Zone;1;0;5
4Y4VTJ3;0;21172688;12;NO;NO;1;Pass Zone;1;0;5
4Z1WTJ3;0;172376398;12;NO;NO;1;Pass Zone;1;0;5
4Z4VTJ3;0;21172688;12;NO;NO;1;Pass Zone;1;0;5
502WTJ3;0;273672658;12;NO;NO;1;Pass Zone;1;0;5
505VTJ3;0;21172688;12;NO;NO;1;Pass Zone;1;0;5
512WTJ3;0;273672658;12;NO;NO;1;Pass Zone;1;0;5
514VTJ3;0;361275237;12;NO;NO;1;Pass Zone;1;0;5
515VTJ3;0;21172692;12;NO;NO;1;Pass Zone;1;0;5
522WTJ3;0;273672658;12;NO;NO;1;Pass Zone;1;0;5
524VTJ3;0;361275237;12;NO;NO;1;Pass Zone;1;0;5
525VTJ3;0;21172692;12;NO;NO;1;Pass Zone;1;0;5
52KTTJ3;0;273656177;12;NO;NO;1;Pass Zone;1;0;5
52YNTJ3;0;273624185;11;NO;NO;2;Pass Zone;1;0;5
532WTJ3;0;163169039;12;NO;NO;1;Pass Zone;1;0;5
534VTJ3;0;361275237;12;NO;NO;1;Pass Zone;1;0;5
535VTJ3;0;21172692;12;NO;NO;1;Pass Zone;1;0;5
542WTJ3;1;273657937;12;NO;NO;1;Pass Zone;1;0;5
544VTJ3;0;361275239;12;NO;NO;1;Pass Zone;1;0;5
545VTJ3;0;21172692;12;NO;NO;1;Pass Zone;1;0;5
552WTJ3;1;273657937;12;NO;NO;1;Pass Zone;1;0;5
554VTJ3;0;361275239;12;NO;NO;1;Pass Zone;1;0;5
555VTJ3;0;21172692;12;NO;NO;1;Pass Zone;1;0;5
55RQTJ3;0;105595559;11;YES;NO;2;Pass Zone;1;0;5
55ZNTJ3;0;113908308;11;NO;NO;1;Pass Zone;1;0;5
564VTJ3;0;361275239;12;NO;NO;1;Pass Zone;1;0;5
56YNTJ3;1;152915522;15;YES;NO;0;Pass Zone;1;0;5
570WTJ3;0;113901596;11;NO;NO;1;Pass Zone;1;0;5
577VTJ3;0;21172771;12;NO;NO;1;Pass Zone;1;0;5
57QQTJ3;0;21172453;11;NO;NO;1;Pass Zone;1;0;5
587VTJ3;0;21172771;12;NO;NO;1;Pass Zone;1;0;5
589TTJ3;0;273632814;11;NO;NO;1;Pass Zone;1;0;5
597VTJ3;0;21172771;12;NO;NO;1;Pass Zone;1;0;5
5B7VTJ3;0;21172771;12;NO;NO;1;Pass Zone;1;0;5
5C0PTJ3;0;662860795;15;NO;NO;0;Pass Zone;1;0;5
5C5VTJ3;0;21172696;12;NO;NO;1;Pass Zone;1;0;5
5C7VTJ3;0;21172771;12;NO;NO;1;Pass Zone;1;0;5
5CSQTJ3;0;163169425;11;NO;NO;1;Pass Zone;1;0;5
5D5VTJ3;0;21172696;12;NO;NO;1;Pass Zone;1;0;5
5D7VTJ3;0;21172769;12;NO;NO;1;Pass Zone;1;0;5
5F5VTJ3;0;21172696;12;NO;NO;1;Pass Zone;1;0;5
5F7VTJ3;0;21172769;12;NO;NO;1;Pass Zone;1;0;5
5G5VTJ3;0;21172696;12;NO;NO;1;Pass Zone;1;0;5
5G7VTJ3;0;21172769;12;NO;NO;1;Pass Zone;1;0;5
5H5VTJ3;0;21172696;12;NO;NO;1;Pass Zone;1;0;5
5H6VTJ3;0;163170915;12;NO;NO;1;Pass Zone;1;0;5
5H7VTJ3;0;21172769;12;NO;NO;1;Pass Zone;1;0;5
5J2WTJ3;0;172383307;11;NO;NO;1;Pass Zone;1;0;5
5J5VTJ3;0;21172697;12;NO;NO;1;Pass Zone;1;0;5
5J7VTJ3;0;21172769;12;NO;NO;1;Pass Zone;1;0;5
5K5VTJ3;0;21172697;12;NO;NO;1;Pass Zone;1;0;5
5K9TTJ3;0;273697507;15;NO;NO;0;Pass Zone;1;0;8
5KGTTJ3;0;21172534;12;NO;NO;1;Pass Zone;1;0;5
5L2WTJ3;0;172383307;11;NO;NO;2;Pass Zone;1;0;5
5L5VTJ3;0;21172697;12;NO;NO;1;Pass Zone;1;0;5
5LGTTJ3;0;21172534;12;NO;NO;1;Pass Zone;1;0;5
5M2VTJ3;0;20827483;11;NO;NO;2;Pass Zone;1;0;5
5M2WTJ3;0;172382064;11;NO;NO;1;Pass Zone;1;0;5
5M5VTJ3;0;21172697;12;NO;NO;1;Pass Zone;1;0;5
5MGTTJ3;0;21172545;12;NO;NO;1;Pass Zone;1;0;5
5N5VTJ3;0;21172697;12;NO;NO;1;Pass Zone;1;0;5
5NFTTJ3;0;84224738;12;NO;NO;1;Pass Zone;1;0;5
5NSQTJ3;0;671650337;12;NO;NO;1;Pass Zone;1;0;5
5PFTTJ3;0;84224738;12;NO;NO;1;Pass Zone;1;0;5
5Q1VTJ3;0;20826488;11;NO;NO;2;Pass Zone;1;0;5
5QBTTJ3;0;273681645;11;NO;NO;1;Pass Zone;1;0;5
5QFTTJ3;0;84224738;12;NO;NO;1;Pass Zone;1;0;5
5QGTTJ3;0;273695813;15;YES;NO;0;Pass Zone;1;0;5
5QQQTJ3;1;540604269;11;YES;NO;1;Pass Zone;1;0;5
5SBTTJ3;0;273681646;12;NO;NO;1;Pass Zone;1;0;5
5TBTTJ3;0;273681646;12;NO;NO;1;Pass Zone;1;0;5
5TJQTJ3;0;163124344;11;YES;NO;;Pass Zone;1;0;5
5VBTTJ3;0;273681646;12;NO;NO;1;Pass Zone;1;0;5
5W0VTJ3;0;361269052;11;NO;NO;2;Pass Zone;1;0;5
5W0WTJ3;0;273648029;11;NO;NO;1;Pass Zone;1;0;5
5W4VTJ3;0;21172688;12;NO;NO;1;Pass Zone;1;0;5
5WBTTJ3;0;273681646;12;NO;NO;1;Pass Zone;1;0;5
5WQQTJ3;0;273663999;12;NO;NO;1;Pass Zone;1;0;5
5X4VTJ3;0;21172688;12;NO;NO;1;Pass Zone;1;0;5
5XKQTJ3;0;264802175;11;NO;NO;2;Pass Zone;1;0;5
5Y4VTJ3;0;21172688;12;NO;NO;1;Pass Zone;1;0;5
5Z1WTJ3;0;172376398;12;NO;NO;1;Pass Zone;1;0;5
5Z4VTJ3;0;21172688;12;NO;NO;1;Pass Zone;1;0;5
602WTJ3;0;273672658;12;NO;NO;1;Pass Zone;1;0;5
605VTJ3;0;21172688;12;NO;NO;1;Pass Zone;1;0;5
612WTJ3;0;273672658;12;NO;NO;1;Pass Zone;1;0;5
614VTJ3;0;361275237;12;NO;NO;1;Pass Zone;1;0;5
615VTJ3;0;21172692;12;NO;NO;1;Pass Zone;1;0;5
622VTJ3;0;20826644;11;NO;NO;1;Pass Zone;1;0;5
622WTJ3;0;273672658;12;NO;NO;1;Pass Zone;1;0;5
624VTJ3;0;361275237;12;NO;NO;1;Pass Zone;1;0;5
625VTJ3;0;21172692;12;NO;NO;1;Pass Zone;1;0;5
62JJTJ3;0;163013479;15;NO;NO;0;Pass Zone;1;0;5
62KTTJ3;0;273656177;12;NO;NO;1;Pass Zone;1;0;5
62MQTJ3;0;152899456;12;YES;NO;1;Pass Zone;1;0;5
62RQTJ3;0;273681644;11;NO;NO;2;Pass Zone;1;0;5
632WTJ3;0;163169039;12;NO;NO;1;Pass Zone;1;0;5
634VTJ3;0;361275237;12;NO;NO;1;Pass Zone;1;0;5
635VTJ3;0;21172692;12;NO;NO;1;Pass Zone;1;0;5
642WTJ3;1;273657937;12;NO;NO;1;Pass Zone;1;0;5
644VTJ3;0;361275239;12;NO;NO;1;Pass Zone;1;0;5
645VTJ3;0;21172692;12;NO;NO;1;Pass Zone;1;0;5
652WTJ3;1;273657937;12;NO;NO;1;Pass Zone;1;0;5
654VTJ3;0;361275239;12;NO;NO;1;Pass Zone;1;0;5
655VTJ3;0;21172692;12;NO;NO;1;Pass Zone;1;0;5
664VTJ3;0;361275239;12;NO;NO;1;Pass Zone;1;0;5
677VTJ3;0;21172771;12;NO;NO;1;Pass Zone;1;0;5
687VTJ3;0;21172771;12;NO;NO;1;Pass Zone;1;0;5
68RQTJ3;0;105595557;11;NO;NO;1;Pass Zone;1;0;5
697VTJ3;0;21172771;12;NO;NO;1;Pass Zone;1;0;5
69JQTJ3;0;635197033;11;YES;NO;2;Pick Interrupted;0;1;3
6B0WTJ3;0;84214245;11;NO;NO;1;Pass Zone;1;0;5
6B7VTJ3;0;21172771;12;NO;NO;1;Pass Zone;1;0;5
6C5VTJ3;0;21172696;12;NO;NO;1;Pass Zone;1;0;5
6C7VTJ3;0;21172771;12;NO;NO;1;Pass Zone;1;0;5
6CQQTJ3;0;21172457;11;NO;NO;1;Pass Zone;1;0;5
6D5VTJ3;0;21172696;12;NO;NO;1;Pass Zone;1;0;5
6D7VTJ3;0;21172769;12;NO;NO;1;Pass Zone;1;0;5
6F5VTJ3;0;21172696;12;NO;NO;1;Pass Zone;1;0;5
6F7VTJ3;0;21172769;12;NO;NO;1;Pass Zone;1;0;5
6FPQTJ3;0;113908900;11;NO;NO;1;Pass Zone;1;0;5
6G5VTJ3;0;21172696;12;NO;NO;1;Pass Zone;1;0;5
6G6VTJ3;0;163170915;12;NO;NO;1;Pass Zone;1;0;5
6G7VTJ3;0;21172769;12;NO;NO;1;Pass Zone;1;0;5
6H5VTJ3;0;21172696;12;NO;NO;1;Pass Zone;1;0;5
6H6VTJ3;0;163170915;12;NO;NO;1;Pass Zone;1;0;5
6H7VTJ3;0;21172769;12;NO;NO;1;Pass Zone;1;0;5
6H9TTJ3;0;172383503;12;YES;NO;1;Pass Zone;1;0;5
6HCTTJ3;0;163072173;15;NO;NO;0;Pass Zone;1;0;5
6HMQTJ3;0;191869134;15;NO;NO;0;Pass Zone;1;0;5
6J5VTJ3;0;21172697;12;NO;NO;1;Pass Zone;1;0;5
6J7VTJ3;0;21172769;12;NO;NO;1;Pass Zone;1;0;5
6K1WTJ3;0;163130324;11;NO;NO;2;Pass Zone;1;0;5
6K5VTJ3;0;21172697;12;NO;NO;1;Pass Zone;1;0;5
6KGTTJ3;0;21172534;12;NO;NO;1;Pass Zone;1;0;5
6L5VTJ3;0;21172697;12;NO;NO;1;Pass Zone;1;0;5
6LGTTJ3;0;21172534;12;NO;NO;1;Pass Zone;1;0;5
6LMQTJ3;0;662860796;15;YES;NO;0;Pass Zone;1;0;5
6M5VTJ3;0;21172697;12;NO;NO;1;Pass Zone;1;0;5
6MGTTJ3;0;21172545;12;NO;NO;1;Pass Zone;1;0;5
6MMQTJ3;0;273696112;11;YES;NO;2;Pass Zone;1;0;5
6MQQTJ3;0;163090424;11;NO;NO;2;Pass Zone;1;0;5
6N5VTJ3;0;21172697;12;NO;NO;1;Pass Zone;1;0;5
6PFTTJ3;0;84224738;12;NO;NO;1;Pass Zone;1;0;5
6PSQTJ3;0;662925902;12;YES;NO;1;Pass Zone;1;0;5
6QFTTJ3;0;84224738;12;NO;NO;1;Pass Zone;1;0;5
6SBTTJ3;0;273681646;12;NO;NO;1;Pass Zone;1;0;5
6SHTTJ3;0;264802127;11;YES;NO;2;Pass Zone;1;0;5
6TBTTJ3;0;273681646;12;NO;NO;1;Pass Zone;1;0;5
6VBTTJ3;0;273681646;12;NO;NO;1;Pass Zone;1;0;5
6VJQTJ3;0;671619741;12;YES;NO;1;Pass Zone;1;0;5
6W0WTJ3;0;273648029;11;NO;NO;1;Pass Zone;1;0;5
6W4VTJ3;0;21172688;12;NO;NO;1;Pass Zone;1;0;5
6WQQTJ3;0;273663999;12;NO;NO;1;Pass Zone;1;0;5
6X4VTJ3;0;21172688;12;NO;NO;1;Pass Zone;1;0;5
6XYNTJ3;0;432475832;11;NO;NO;2;Pass Zone;1;0;5
6Y4VTJ3;0;21172688;12;NO;NO;1;Pass Zone;1;0;5
6Z1WTJ3;0;172376398;12;NO;NO;1;Pass Zone;1;0;5
6Z4VTJ3;0;21172688;12;NO;NO;1;Pass Zone;1;0;5
702WTJ3;0;273672658;12;NO;NO;1;Pass Zone;1;0;5
705VTJ3;0;21172688;12;NO;NO;1;Pass Zone;1;0;5
712WTJ3;0;273672658;12;NO;NO;1;Pass Zone;1;0;5
714VTJ3;0;361275237;12;NO;NO;1;Pass Zone;1;0;5
71KTTJ3;0;273656177;12;NO;NO;1;Pass Zone;1;0;5
722WTJ3;0;273672658;12;NO;NO;1;Pass Zone;1;0;5
724VTJ3;0;361275237;12;NO;NO;1;Pass Zone;1;0;5
725VTJ3;0;21172692;12;NO;NO;1;Pass Zone;1;0;5
72KTTJ3;0;273656177;12;NO;NO;1;Pass Zone;1;0;5
732VTJ3;0;20826644;11;NO;NO;1;Pass Zone;1;0;5
732WTJ3;0;163169039;12;NO;NO;1;Pass Zone;1;0;5
734VTJ3;0;361275237;12;NO;NO;1;Pass Zone;1;0;5
735VTJ3;0;21172692;12;NO;NO;1;Pass Zone;1;0;5
742WTJ3;1;273657937;12;NO;NO;1;Pass Zone;1;0;5
743VTJ3;0;21006601;11;NO;NO;2;Pick Interrupted;0;1;6
744VTJ3;0;361275239;12;NO;NO;1;Pass Zone;1;0;5
745VTJ3;0;21172692;12;NO;NO;1;Pass Zone;1;0;5
752WTJ3;1;273657937;12;NO;NO;1;Pass Zone;1;0;5
754VTJ3;0;361275239;12;NO;NO;1;Pass Zone;1;0;5
755VTJ3;0;21172692;12;NO;NO;1;Pass Zone;1;0;5
763VTJ3;0;21006769;11;NO;NO;2;Pass Zone;1;0;5
764VTJ3;0;361275239;12;NO;NO;1;Pass Zone;1;0;5
776VTJ3;0;21006776;11;NO;NO;1;Pass Zone;1;0;5
777VTJ3;0;21172771;12;NO;NO;1;Pass Zone;1;0;5
77RQTJ3;0;105595557;11;NO;NO;2;Pass Zone;1;0;5
787VTJ3;0;21172771;12;NO;NO;1;Pass Zone;1;0;5
797VTJ3;0;21172771;12;NO;NO;1;Pass Zone;1;0;5
7B7VTJ3;0;21172771;12;NO;NO;1;Pass Zone;1;0;5
7C5VTJ3;0;21172696;12;NO;NO;1;Pass Zone;1;0;5
7C7VTJ3;0;21172771;12;NO;NO;1;Pass Zone;1;0;5
7D0WTJ3;0;163079868;11;NO;NO;1;Pass Zone;1;0;5
7D5VTJ3;0;21172696;12;NO;NO;1;Pass Zone;1;0;5
7D7VTJ3;0;21172769;12;NO;NO;1;Pass Zone;1;0;5
7F5VTJ3;0;21172696;12;NO;NO;1;Pass Zone;1;0;5
7F7VTJ3;0;21172769;12;NO;NO;1;Pass Zone;1;0;5
7G5VTJ3;0;21172696;12;NO;NO;1;Pass Zone;1;0;5
7G6VTJ3;0;163170915;12;NO;NO;1;Pass Zone;1;0;5
7G7VTJ3;0;21172769;12;NO;NO;1;Pass Zone;1;0;5
7H5VTJ3;0;21172696;12;NO;NO;1;Pass Zone;1;0;5
7H6VTJ3;0;163170915;12;NO;NO;1;Pass Zone;1;0;5
7H7VTJ3;0;21172769;12;NO;NO;1;Pass Zone;1;0;5
7HCTTJ3;0;163072173;15;NO;NO;0;Pass Zone;1;0;5
7J5VTJ3;0;21172697;12;NO;NO;1;Pass Zone;1;0;5
7J7VTJ3;0;21172769;12;NO;NO;1;Pass Zone;1;0;5
7JDTTJ3;0;21172702;15;NO;NO;0;Pass Zone;1;0;5
7K5VTJ3;0;21172697;12;NO;NO;1;Pass Zone;1;0;5
7KGTTJ3;0;21172534;12;NO;NO;1;Pass Zone;1;0;5
7L5VTJ3;0;21172697;12;NO;NO;1;Pass Zone;1;0;5
7LGTTJ3;0;21172534;12;NO;NO;1;Pass Zone;1;0;5
7M5VTJ3;0;21172697;12;NO;NO;1;Pass Zone;1;0;5
7MGTTJ3;0;21172545;12;NO;NO;1;Pass Zone;1;0;5
7N5VTJ3;0;21172697;12;NO;NO;1;Pass Zone;1;0;5
7NFTTJ3;0;84224738;12;YES;NO;1;Pass Zone;1;0;5
7PFTTJ3;0;84224738;12;NO;NO;1;Pass Zone;1;0;5
7Q2VTJ3;0;20827471;11;NO;NO;1;Pass Zone;1;0;5
7QFTTJ3;0;84224738;12;NO;NO;1;Pass Zone;1;0;5
7SBTTJ3;0;273681646;12;NO;NO;1;Pass Zone;1;0;5
7TBTTJ3;0;273681646;12;NO;NO;1;Pass Zone;1;0;5
7VBTTJ3;0;273681646;12;NO;NO;1;Pass Zone;1;0;5
7VJQTJ3;0;671619741;12;NO;NO;1;Pass Zone;1;0;5
7W0WTJ3;0;273648029;11;NO;NO;1;Pass Zone;1;0;5
7W4VTJ3;0;21172688;12;NO;NO;1;Pass Zone;1;0;5
7WJQTJ3;0;671620038;11;NO;NO;1;Pass Zone;1;0;5
7WLQTJ3;0;152899462;11;NO;NO;1;Pass Zone;1;0;5
7WQQTJ3;0;273663999;12;NO;NO;1;Pass Zone;1;0;5
7X4VTJ3;0;21172688;12;NO;NO;1;Pass Zone;1;0;5
7Y4VTJ3;0;21172688;12;NO;NO;1;Pass Zone;1;0;5
7Z1WTJ3;0;172376398;12;NO;NO;1;Pass Zone;1;0;5
7Z4VTJ3;0;21172688;12;NO;NO;1;Pass Zone;1;0;5
802WTJ3;0;273672658;12;NO;NO;1;Pass Zone;1;0;5
805VTJ3;0;21172688;12;NO;NO;1;Pass Zone;1;0;5
812WTJ3;0;273672658;12;NO;NO;1;Pass Zone;1;0;5
814VTJ3;0;361275237;12;NO;NO;1;Pass Zone;1;0;5
815VTJ3;0;21172692;12;YES;NO;1;Pass Zone;1;0;5
81KTTJ3;0;273656177;12;NO;NO;1;Pass Zone;1;0;5
822WTJ3;0;273672658;12;NO;NO;1;Pass Zone;1;0;5
824VTJ3;0;361275237;12;NO;NO;1;Pass Zone;1;0;5
825VTJ3;0;21172692;12;NO;NO;1;Pass Zone;1;0;5
82KTTJ3;0;273656177;12;NO;NO;1;Pass Zone;1;0;5
832WTJ3;0;163169039;12;NO;NO;1;Pass Zone;1;0;5
834VTJ3;0;361275237;12;NO;NO;1;Pass Zone;1;0;5
835VTJ3;0;21172692;12;NO;NO;1;Pass Zone;1;0;5
83DTTJ3;0;252186852;11;NO;NO;1;Pass Zone;1;0;5
842WTJ3;1;273657937;12;NO;NO;1;Pass Zone;1;0;5
844VTJ3;0;361275239;12;NO;NO;1;Pass Zone;1;0;5
845VTJ3;0;21172692;12;NO;NO;1;Pass Zone;1;0;5
852WTJ3;1;273657937;12;NO;NO;1;Pass Zone;1;0;5
854VTJ3;0;361275239;12;NO;NO;1;Pass Zone;1;0;5
855VTJ3;0;21172692;12;NO;NO;1;Pass Zone;1;0;5
864VTJ3;0;361275239;12;NO;NO;1;Pass Zone;1;0;5
86JTTJ3;0;132092747;15;NO;NO;0;Pick Interrupted;0;1;13
877VTJ3;0;21172771;12;NO;NO;1;Pass Zone;1;0;5
887VTJ3;0;21172771;12;NO;NO;1;Pass Zone;1;0;5
891VTJ3;0;20926528;15;NO;NO;0;Pass Zone;1;0;5
891WTJ3;0;182016885;11;NO;NO;2;Pass Zone;1;0;5
897VTJ3;0;21172771;12;NO;NO;1;Pass Zone;1;0;5
89SQTJ3;0;105642232;15;YES;NO;0;Pass Zone;1;0;5
8B7VTJ3;0;21172771;12;NO;NO;1;Pass Zone;1;0;5
8C5VTJ3;0;21172696;12;NO;NO;1;Pass Zone;1;0;5
8C7VTJ3;0;21172771;12;NO;NO;1;Pass Zone;1;0;5
8D5VTJ3;0;21172696;12;NO;NO;1;Pass Zone;1;0;5
8D7VTJ3;0;21172769;12;NO;NO;1;Pass Zone;1;0;5
8F0PTJ3;0;662860794;15;NO;NO;0;Pass Zone;1;0;5
8F3VTJ3;0;361266097;11;NO;NO;1;Pass Zone;1;0;5
8F5VTJ3;0;21172696;12;NO;NO;1;Pass Zone;1;0;5
8F7VTJ3;0;21172769;12;NO;NO;1;Pass Zone;1;0;5
8G5VTJ3;0;21172696;12;NO;NO;1;Pass Zone;1;0;5
8G6VTJ3;0;163170915;12;NO;NO;1;Pass Zone;1;0;5
8G7VTJ3;0;21172769;12;NO;NO;1;Pass Zone;1;0;5
8H5VTJ3;0;21172696;12;NO;NO;1;Pass Zone;1;0;5
8H6VTJ3;0;163170915;12;NO;NO;1;Pass Zone;1;0;5
8H7VTJ3;0;21172769;12;NO;NO;1;Pass Zone;1;0;5
8H9TTJ3;0;172383503;12;NO;NO;1;Pass Zone;1;0;5
8J5VTJ3;0;21172697;12;NO;NO;1;Pass Zone;1;0;5
8J7VTJ3;0;21172769;12;NO;NO;1;Pass Zone;1;0;5
8K5VTJ3;0;21172697;12;NO;NO;1;Pass Zone;1;0;5
8KGTTJ3;0;21172534;12;NO;NO;1;Pass Zone;1;0;5
8L5VTJ3;0;21172697;12;NO;NO;1;Pass Zone;1;0;5
8LGTTJ3;0;21172534;12;NO;NO;1;Pass Zone;1;0;5
8LSQTJ3;0;163169963;11;NO;NO;2;Pick Interrupted;0;1;6
8M5VTJ3;0;21172697;12;NO;NO;1;Pass Zone;1;0;5
8MGTTJ3;0;21172545;12;NO;NO;1;Pass Zone;1;0;5
8N5VTJ3;0;21172697;12;NO;NO;1;Pass Zone;1;0;5
8N6VTJ3;0;252186860;11;NO;NO;1;Pass Zone;1;0;5
8NFTTJ3;0;84224738;12;NO;NO;1;Pass Zone;1;0;5
8NHQTJ3;1;33631473;11;YES;NO;2;Pass Zone;1;0;5
8PFTTJ3;0;84224738;12;NO;NO;1;Pass Zone;1;0;5
8PMJTJ3;0;163166571;15;YES;NO;0;Pass Zone;1;0;5
8QFTTJ3;0;84224738;12;NO;NO;1;Pass Zone;1;0;5
8SBTTJ3;0;273681646;12;NO;NO;1;Pass Zone;1;0;5
8SGTTJ3;0;273695813;15;NO;NO;0;Pass Zone;1;0;5
8TBTTJ3;0;273681646;12;NO;NO;1;Pass Zone;1;0;5
8VBTTJ3;0;273681646;12;NO;NO;1;Pass Zone;1;0;5
8VJQTJ3;0;671619741;12;NO;NO;1;Pass Zone;1;0;5
8W4VTJ3;0;21172688;12;NO;NO;1;Pass Zone;1;0;5
8WHQTJ3;1;113908850;15;NO;NO;0;Pick Interrupted;0;1;13
8WQQTJ3;0;273663999;12;NO;NO;1;Pass Zone;1;0;5
8X4VTJ3;0;21172688;12;NO;NO;1;Pass Zone;1;0;5
8Y4VTJ3;0;21172688;12;NO;NO;1;Pass Zone;1;0;5
8Z4VTJ3;0;21172688;12;NO;NO;1;Pass Zone;1;0;5
902WTJ3;0;273672658;12;NO;NO;1;Pass Zone;1;0;5
905VTJ3;0;21172688;12;NO;NO;1;Pass Zone;1;0;5
912WTJ3;0;273672658;12;NO;NO;1;Pass Zone;1;0;5
914VTJ3;0;361275237;12;NO;NO;1;Pass Zone;1;0;5
915VTJ3;0;21172692;12;NO;NO;1;Pass Zone;1;0;5
91KTTJ3;0;273656177;12;NO;NO;1;Pass Zone;1;0;5
922WTJ3;0;273672658;12;NO;NO;1;Pass Zone;1;0;5
924VTJ3;0;361275237;12;NO;NO;1;Pass Zone;1;0;5
925VTJ3;0;21172692;12;NO;NO;1;Pass Zone;1;0;5
92KTTJ3;0;273656177;12;NO;NO;1;Pass Zone;1;0;5
92QQTJ3;0;671649986;12;YES;NO;1;Pass Zone;1;0;5
932WTJ3;0;163169039;12;NO;NO;1;Pass Zone;1;0;5
934VTJ3;0;361275237;12;NO;NO;1;Pass Zone;1;0;5
935VTJ3;0;21172692;12;NO;NO;1;Pass Zone;1;0;5
936VTJ3;0;21006557;11;NO;NO;1;Pass Zone;1;0;5
942WTJ3;1;273657937;12;NO;NO;1;Pass Zone;1;0;5
943VTJ3;0;21006601;11;YES;NO;2;Pass Zone;1;0;5
944VTJ3;0;361275239;12;NO;NO;1;Pass Zone;1;0;5
945VTJ3;0;21172692;12;NO;NO;1;Pass Zone;1;0;5
952WTJ3;0;163153275;12;NO;NO;1;Pass Zone;1;0;5
954VTJ3;0;361275239;12;NO;NO;1;Pass Zone;1;0;5
955VTJ3;0;21172692;12;NO;NO;1;Pass Zone;1;0;5
964VTJ3;0;361275239;12;NO;NO;1;Pass Zone;1;0;5
966VTJ3;0;21006566;11;NO;NO;2;Pass Zone;1;0;5
96FTTJ3;0;21085904;11;NO;NO;2;Pass Zone;1;0;5
972VTJ3;0;20826952;11;NO;NO;1;Pass Zone;1;0;5
977VTJ3;0;21172771;12;NO;NO;1;Pass Zone;1;0;5
981WTJ3;0;182016885;11;NO;NO;1;Pass Zone;1;0;5
986VTJ3;0;21006776;11;NO;NO;1;Pass Zone;1;0;5
987VTJ3;0;21172771;12;NO;NO;1;Pass Zone;1;0;5
997VTJ3;0;21172771;12;NO;NO;1;Pass Zone;1;0;5
9B7VTJ3;0;21172771;12;NO;NO;1;Pass Zone;1;0;5
9C5VTJ3;0;21172696;12;NO;NO;1;Pass Zone;1;0;5
9C7VTJ3;0;21172771;12;NO;NO;1;Pass Zone;1;0;5
9D5VTJ3;0;21172696;12;NO;NO;1;Pass Zone;1;0;5
9D7VTJ3;0;21172769;12;NO;NO;1;Pass Zone;1;0;5
9F5VTJ3;0;21172696;12;NO;NO;1;Pass Zone;1;0;5
9F7VTJ3;0;21172769;12;NO;NO;1;Pass Zone;1;0;5
9G5VTJ3;0;21172696;12;NO;NO;1;Pass Zone;1;0;5
9G6VTJ3;0;163170915;12;NO;NO;1;Pass Zone;1;0;5
9G7VTJ3;0;21172769;12;NO;NO;1;Pass Zone;1;0;5
9H5VTJ3;0;21172696;12;NO;NO;1;Pass Zone;1;0;5
9H6VTJ3;0;163170915;12;NO;NO;1;Pass Zone;1;0;5
9H7VTJ3;0;21172769;12;NO;NO;1;Pass Zone;1;0;5
9HDTTJ3;0;21172702;15;NO;NO;0;Pass Zone;1;0;5
9J5VTJ3;0;21172697;12;NO;NO;1;Pass Zone;1;0;5
9J7VTJ3;0;21172769;12;NO;NO;1;Pass Zone;1;0;5
9K5VTJ3;0;21172697;12;NO;NO;1;Pass Zone;1;0;5
9KGTTJ3;0;21172534;12;NO;NO;1;Pass Zone;1;0;5
9L5VTJ3;0;21172697;12;NO;NO;1;Pass Zone;1;0;5
9LGTTJ3;0;21172534;12;NO;NO;1;Pass Zone;1;0;5
9LJQTJ3;0;273646815;11;NO;NO;1;Pass Zone;1;0;5
9LSQTJ3;0;163169963;11;NO;NO;2;Pick Interrupted;0;1;6
9M5VTJ3;0;21172697;12;NO;NO;1;Pass Zone;1;0;5
9MGTTJ3;0;21172545;12;NO;NO;1;Pass Zone;1;0;5
9MM1SJ3;0;573240816;15;YES;NO;0;Pass Zone;1;0;5
9N5VTJ3;0;21172697;12;NO;NO;1;Pass Zone;1;0;5
9NFTTJ3;0;84224738;12;NO;NO;1;Pass Zone;1;0;5
9PFTTJ3;0;84224738;12;NO;NO;1;Pass Zone;1;0;5
9QFTTJ3;0;84224738;12;YES;NO;1;Pass Zone;1;0;5
9R6VTJ3;0;252186856;11;NO;NO;1;Pass Zone;1;0;5
9SBTTJ3;0;273681646;12;NO;NO;1;Pass Zone;1;0;5
9TBTTJ3;0;273681646;12;NO;NO;1;Pass Zone;1;0;5
9VBTTJ3;0;273681646;12;NO;NO;1;Pass Zone;1;0;5
9VJQTJ3;0;671619741;12;NO;NO;1;Pass Zone;1;0;5
9W4VTJ3;0;21172688;12;NO;NO;1;Pass Zone;1;0;5
9WKQTJ3;0;172383157;15;NO;NO;0;Pick Interrupted;0;1;13
9WQQTJ3;0;273663999;12;NO;NO;1;Pass Zone;1;0;5
9X4VTJ3;0;21172688;12;NO;NO;1;Pass Zone;1;0;5
9Y4VTJ3;0;21172688;12;NO;NO;1;Pass Zone;1;0;5
9Z4VTJ3;0;21172688;12;NO;NO;1;Pass Zone;1;0;5
B02WTJ3;0;273672658;12;NO;NO;1;Pass Zone;1;0;5
B05VTJ3;0;21172688;12;NO;NO;1;Pass Zone;1;0;5
B12WTJ3;0;273672658;12;NO;NO;1;Pass Zone;1;0;5
B14VTJ3;0;361275237;12;NO;NO;1;Pass Zone;1;0;5
B15VTJ3;0;21172692;12;NO;NO;1;Pass Zone;1;0;5
B1DTTJ3;0;252186854;11;NO;NO;2;Pass Zone;1;0;5
B1KTTJ3;0;273656177;12;NO;NO;1;Pass Zone;1;0;5
B22WTJ3;0;273672658;12;NO;NO;1;Pass Zone;1;0;5
B24VTJ3;0;361275237;12;NO;NO;1;Pass Zone;1;0;5
B25VTJ3;0;21172692;12;NO;NO;1;Pass Zone;1;0;5
B2KTTJ3;0;273656177;12;NO;NO;1;Pass Zone;1;0;5
B32VTJ3;0;20826644;11;NO;NO;1;Pass Zone;1;0;5
B32WTJ3;0;163169039;12;NO;NO;1;Pass Zone;1;0;5
B34VTJ3;0;361275237;12;NO;NO;1;Pass Zone;1;0;5
B35VTJ3;0;21172692;12;NO;NO;1;Pass Zone;1;0;5
B42WTJ3;1;273657937;12;NO;NO;1;Pass Zone;1;0;5
B43VTJ3;0;21006601;11;YES;NO;1;Pass Zone;1;0;5
B44VTJ3;0;361275239;12;NO;NO;1;Pass Zone;1;0;5
B45VTJ3;0;21172692;12;NO;NO;1;Pass Zone;1;0;5
B52WTJ3;0;163153275;12;NO;NO;1;Pass Zone;1;0;5
B54VTJ3;0;361275239;12;NO;NO;1;Pass Zone;1;0;5
B55VTJ3;0;21172692;12;NO;NO;1;Pass Zone;1;0;5
B64VTJ3;0;361275239;12;NO;NO;1;Pass Zone;1;0;5
B71VTJ3;0;20926535;15;YES;NO;0;Pass Zone;1;0;5
B77VTJ3;0;21172771;12;NO;NO;1;Pass Zone;1;0;5
B87VTJ3;0;21172771;12;NO;NO;1;Pass Zone;1;0;5
B8JTTJ3;0;432476052;15;YES;NO;0;Pass Zone;1;0;5
B8RQTJ3;0;105595557;11;NO;NO;2;Pass Zone;1;0;5
B97VTJ3;0;21172771;12;NO;NO;1;Pass Zone;1;0;5
B9VNTJ3;0;144207129;15;NO;NO;0;Pick Interrupted;0;1;13
BB7VTJ3;0;21172771;12;NO;NO;1;Pass Zone;1;0;5
BC5VTJ3;0;21172696;12;NO;NO;1;Pass Zone;1;0;5
BC7VTJ3;0;21172771;12;NO;NO;1;Pass Zone;1;0;5
BCFTTJ3;0;671621657;11;NO;NO;1;Pass Zone;1;0;5
BD0WTJ3;0;163062694;11;YES;NO;1;Pass Zone;1;0;5
BD5VTJ3;0;21172696;12;NO;NO;1;Pass Zone;1;0;5
BD7VTJ3;0;21172769;12;NO;NO;1;Pass Zone;1;0;5
BF0PTJ3;0;662860794;15;NO;NO;0;Pass Zone;1;0;5
BF4VTJ3;0;273639457;11;NO;NO;1;Pass Zone;1;0;5
BF5VTJ3;0;21172696;12;NO;NO;1;Pass Zone;1;0;5
BF7VTJ3;0;21172769;12;NO;NO;1;Pass Zone;1;0;5
BG1VTJ3;0;20926540;15;NO;NO;0;Pass Zone;1;0;5
BG5VTJ3;0;21172696;12;NO;NO;1;Pass Zone;1;0;5
BG6VTJ3;0;163170915;12;NO;NO;1;Pass Zone;1;0;5
BG7VTJ3;0;21172769;12;NO;NO;1;Pass Zone;1;0;5
BGNQTJ3;0;191914734;11;NO;NO;2;Pass Zone;1;0;5
BH5VTJ3;0;21172696;12;NO;NO;1;Pass Zone;1;0;5
BH7VTJ3;0;21172769;12;NO;NO;1;Pass Zone;1;0;5
BJ5VTJ3;0;21172697;12;NO;NO;1;Pass Zone;1;0;5
BJ7VTJ3;0;21172769;12;NO;NO;1;Pass Zone;1;0;5
BK0VTJ3;0;20564563;15;NO;NO;0;Pass Zone;1;0;5
BK5VTJ3;0;21172697;12;NO;NO;1;Pass Zone;1;0;5
BK9TTJ3;0;163169924;11;YES;NO;2;Pick Interrupted;0;1;3
BKGTTJ3;0;21172534;12;NO;NO;1;Pass Zone;1;0;5
BKRNTJ3;0;540581899;11;NO;NO;2;Pass Zone;1;0;5
BL5VTJ3;0;21172697;12;NO;NO;1;Pass Zone;1;0;5
BLGTTJ3;0;21172534;12;NO;NO;1;Pass Zone;1;0;5
BM5VTJ3;0;21172697;12;NO;NO;1;Pass Zone;1;0;5
BMGTTJ3;0;21172545;12;NO;NO;1;Pass Zone;1;0;5
BN0WTJ3;0;105632621;12;YES;NO;1;Pass Zone;1;0;5
BN5VTJ3;0;21172697;12;NO;NO;1;Pass Zone;1;0;5
BNFTTJ3;0;84224738;12;NO;NO;1;Pass Zone;1;0;5
BPFTTJ3;0;84224738;12;NO;NO;1;Pass Zone;1;0;5
BQFTTJ3;0;84224738;12;YES;NO;1;Pass Zone;1;0;5
BQPQTJ3;0;152915913;11;YES;NO;1;Pass Zone;1;0;5
BSBTTJ3;0;273681646;12;NO;NO;1;Pass Zone;1;0;5
BTBTTJ3;0;273681646;12;NO;NO;1;Pass Zone;1;0;5
BVBTTJ3;0;273681646;12;NO;NO;1;Pass Zone;1;0;5
BVJQTJ3;0;671619741;12;NO;NO;1;Pass Zone;1;0;5
BVKQTJ3;0;163085438;12;NO;NO;1;Pass Zone;1;0;5
BW4VTJ3;0;21172688;12;NO;NO;1;Pass Zone;1;0;5
BWQQTJ3;0;273663999;12;NO;NO;1;Pass Zone;1;0;5
BX4VTJ3;0;21172688;12;NO;NO;1;Pass Zone;1;0;5
BX4WTJ3;0;432469722;15;YES;NO;0;Pass Zone;1;0;5
BXPQTJ3;0;105642193;11;NO;NO;1;Pass Zone;1;0;5
BY4VTJ3;0;21172688;12;NO;NO;1;Pass Zone;1;0;5
BZ1WTJ3;0;273672658;12;NO;NO;1;Pass Zone;1;0;5
BZ4VTJ3;0;21172688;12;NO;NO;1;Pass Zone;1;0;5
C02WTJ3;0;273672658;12;NO;NO;1;Pass Zone;1;0;5
C05VTJ3;0;21172688;12;NO;NO;1;Pass Zone;1;0;5
C12WTJ3;0;273672658;12;NO;NO;1;Pass Zone;1;0;5
C14VTJ3;0;361275237;12;NO;NO;1;Pass Zone;1;0;5
C15VTJ3;0;21172692;12;NO;NO;1;Pass Zone;1;0;5
C1KTTJ3;0;273656177;12;NO;NO;1;Pass Zone;1;0;5
C22WTJ3;0;273672658;12;NO;NO;1;Pass Zone;1;0;5
C24VTJ3;0;361275237;12;NO;NO;1;Pass Zone;1;0;5
C25VTJ3;0;21172692;12;NO;NO;1;Pass Zone;1;0;5
C2KTTJ3;0;273656177;12;NO;NO;1;Pass Zone;1;0;5
C34VTJ3;0;361275237;12;NO;NO;1;Pass Zone;1;0;5
C35VTJ3;0;21172692;12;NO;NO;1;Pass Zone;1;0;5
C3YNTJ3;0;273646157;11;NO;NO;1;Pick Interrupted;0;1;2
C40WTJ3;0;113901597;11;NO;NO;1;Pass Zone;1;0;5
C42WTJ3;1;273657937;12;NO;NO;1;Pass Zone;1;0;5
C43VTJ3;0;21006601;11;YES;NO;2;Pass Zone;1;0;5
C44VTJ3;0;361275239;12;NO;NO;1;Pass Zone;1;0;5
C45VTJ3;0;21172692;12;NO;NO;1;Pass Zone;1;0;5
C4RNTJ3;0;471461409;15;NO;NO;0;Pass Zone;1;0;5
C4RQTJ3;0;105595559;11;YES;NO;1;Pass Zone;1;0;5
C52WTJ3;0;163153275;12;NO;NO;1;Pass Zone;1;0;5
C54VTJ3;0;361275239;12;NO;NO;1;Pass Zone;1;0;5
C55VTJ3;0;21172692;12;NO;NO;1;Pass Zone;1;0;5
C62VTJ3;0;20826952;11;NO;NO;1;Pass Zone;1;0;5
C64VTJ3;0;361275239;12;NO;NO;1;Pass Zone;1;0;5
C6RQTJ3;0;105595559;11;NO;NO;2;Pass Zone;1;0;5
C77VTJ3;0;21172771;12;NO;NO;1;Pass Zone;1;0;5
C84VTJ3;0;361275236;11;NO;NO;2;Pass Zone;1;0;5
C87VTJ3;0;21172771;12;NO;NO;1;Pass Zone;1;0;5
C97VTJ3;0;21172771;12;NO;NO;1;Pass Zone;1;0;5
CB7VTJ3;0;21172771;12;NO;NO;1;Pass Zone;1;0;5
CC5VTJ3;0;21172696;12;NO;NO;1;Pass Zone;1;0;5
CC7VTJ3;0;21172771;12;NO;NO;1;Pass Zone;1;0;5
CCHTTJ3;0;163153810;11;NO;NO;1;Pass Zone;1;0;5
CCNQTJ3;0;182020634;11;NO;NO;1;Pass Zone;1;0;5
CD5VTJ3;0;21172696;12;NO;NO;1;Pass Zone;1;0;5
CD7VTJ3;0;21172769;12;NO;NO;1;Pass Zone;1;0;5
CDHTTJ3;0;273696015;11;NO;NO;2;Pass Zone;1;0;5
CF5VTJ3;0;21172696;12;NO;NO;1;Pass Zone;1;0;5
CF7VTJ3;0;21172769;12;NO;NO;1;Pass Zone;1;0;5
CG5VTJ3;0;21172696;12;NO;NO;1;Pass Zone;1;0;5
CG6VTJ3;0;163170915;12;YES;NO;1;Pass Zone;1;0;5
CG7VTJ3;0;21172769;12;NO;NO;1;Pass Zone;1;0;5
CH5VTJ3;0;21172696;12;NO;NO;1;Pass Zone;1;0;5
CH7VTJ3;0;21172769;12;NO;NO;1;Pass Zone;1;0;5
CHCTTJ3;0;105605459;15;NO;NO;0;Pass Zone;1;0;5
CJ5VTJ3;0;21172697;12;NO;NO;1;Pass Zone;1;0;5
CJ7VTJ3;0;21172769;12;NO;NO;1;Pass Zone;1;0;5
CJMQTJ3;0;191874144;15;YES;NO;0;Pass Zone;1;0;5
CK5VTJ3;0;21172697;12;NO;NO;1;Pass Zone;1;0;5
CKGTTJ3;0;21172534;12;NO;NO;1;Pass Zone;1;0;5
CL0WTJ3;0;163136994;11;NO;NO;1;Pass Zone;1;0;5
CL5VTJ3;0;21172697;12;NO;NO;1;Pass Zone;1;0;5
CLGTTJ3;0;21172534;12;NO;NO;1;Pass Zone;1;0;5
CLHQTJ3;0;163169025;15;NO;NO;0;Pass Zone;1;0;5
CM5VTJ3;0;21172697;12;NO;NO;1;Pass Zone;1;0;5
CMGTTJ3;0;21172545;12;NO;NO;1;Pass Zone;1;0;5
CMM1SJ3;0;361266269;15;NO;NO;0;Pick Interrupted;0;1;13
CMQQTJ3;0;163090424;11;NO;NO;2;Pass Zone;1;0;5
CN5VTJ3;0;21172697;12;NO;NO;1;Pass Zone;1;0;5
CNFTTJ3;0;84224738;12;NO;NO;1;Pass Zone;1;0;5
CPFTTJ3;0;84224738;12;NO;NO;1;Pass Zone;1;0;5
CQFTTJ3;0;84224738;12;NO;NO;1;Pass Zone;1;0;5
CQSQTJ3;0;662925902;12;YES;NO;1;Pass Zone;1;0;5
CS2WTJ3;0;273695133;11;NO;NO;1;Pass Zone;1;0;5
CSBTTJ3;0;273681646;12;NO;NO;1;Pass Zone;1;0;5
CT8TTJ3;0;105642057;15;NO;NO;0;Pick Interrupted;0;1;13
CTBTTJ3;0;273681646;12;NO;NO;1;Pass Zone;1;0;5
CVBTTJ3;0;273681646;12;NO;NO;1;Pass Zone;1;0;5
CVJQTJ3;0;671619741;12;NO;NO;1;Pass Zone;1;0;5
CW4VTJ3;0;21172688;12;NO;NO;1;Pass Zone;1;0;5
CWKQTJ3;1;671649003;12;NO;NO;1;Pass Zone;1;0;5
CWQQTJ3;0;273663999;12;NO;NO;1;Pass Zone;1;0;5
CX4VTJ3;0;21172688;12;NO;NO;1;Pass Zone;1;0;5
CXYNTJ3;0;113908449;11;NO;NO;2;Pass Zone;1;0;5
CY4VTJ3;0;21172688;12;NO;NO;1;Pass Zone;1;0;5
CZ1WTJ3;0;273672658;12;NO;NO;1;Pass Zone;1;0;5
CZ4VTJ3;0;21172688;12;NO;NO;1;Pass Zone;1;0;5
CZ5WTJ3;0;113908111;15;YES;NO;0;Pass Zone;1;0;5
CZDTTJ3;0;105633627;11;NO;NO;1;Pass Zone;1;0;5
D02WTJ3;0;273672658;12;NO;NO;1;Pass Zone;1;0;5
D04VTJ3;0;361275237;12;NO;NO;1;Pass Zone;1;0;5
D05VTJ3;0;21172688;12;NO;NO;1;Pass Zone;1;0;5
D12WTJ3;0;273672658;12;NO;NO;1;Pass Zone;1;0;5
D14VTJ3;0;361275237;12;NO;NO;1;Pass Zone;1;0;5
D15VTJ3;0;21172692;12;NO;NO;1;Pass Zone;1;0;5
D1KTTJ3;0;273656177;12;NO;NO;1;Pass Zone;1;0;5
D22WTJ3;0;163144452;12;NO;NO;1;Pass Zone;1;0;5
D24VTJ3;0;361275237;12;NO;NO;1;Pass Zone;1;0;5
D25VTJ3;0;21172692;12;NO;NO;1;Pass Zone;1;0;5
D2KTTJ3;0;273656177;12;NO;NO;1;Pass Zone;1;0;5
D34VTJ3;0;361275237;12;NO;NO;1;Pass Zone;1;0;5
D35VTJ3;0;21172692;12;NO;NO;1;Pass Zone;1;0;5
D3YNTJ3;0;273646157;11;YES;NO;2;Pass Zone;1;0;5
D42WTJ3;1;273657937;12;NO;NO;1;Pass Zone;1;0;5
D44VTJ3;0;361275239;12;NO;NO;1;Pass Zone;1;0;5
D45VTJ3;0;21172692;12;NO;NO;1;Pass Zone;1;0;5
D4CTTJ3;0;105605460;15;NO;NO;0;Pass Zone;1;0;5
D4JTTJ3;0;172383213;15;YES;NO;0;Pass Zone;1;0;5
D4YNTJ3;0;273646157;11;NO;NO;1;Pass Zone;1;0;5
D52WTJ3;0;163153275;12;NO;NO;1;Pass Zone;1;0;5
D54VTJ3;0;361275239;12;NO;NO;1;Pass Zone;1;0;5
D55VTJ3;0;21172692;12;NO;NO;1;Pass Zone;1;0;5
D64VTJ3;0;361275239;12;NO;NO;1;Pass Zone;1;0;5
D70PTJ3;0;662860797;15;NO;NO;0;Pass Zone;1;0;5
D72VTJ3;0;20826952;11;NO;NO;2;Pass Zone;1;0;5
D77VTJ3;0;21172771;12;NO;NO;1;Pass Zone;1;0;5
D87VTJ3;0;21172771;12;NO;NO;1;Pass Zone;1;0;5
D97VTJ3;0;21172771;12;NO;NO;1;Pass Zone;1;0;5
DB0WTJ3;0;163078053;11;NO;NO;2;Pass Zone;1;0;5
DB7VTJ3;0;21172771;12;NO;NO;1;Pass Zone;1;0;5
DC5VTJ3;0;21172696;12;NO;NO;1;Pass Zone;1;0;5
DC7VTJ3;0;21172771;12;NO;NO;1;Pass Zone;1;0;5
DD5VTJ3;0;21172696;12;NO;NO;1;Pass Zone;1;0;5
DD7VTJ3;0;21172769;12;NO;NO;1;Pass Zone;1;0;5
DF5VTJ3;0;21172696;12;NO;NO;1;Pass Zone;1;0;5
DF7VTJ3;0;21172769;12;NO;NO;1;Pass Zone;1;0;5
DG1PTJ3;0;282978688;11;YES;NO;1;Pass Zone;1;0;5
DG1PTJ3;0;282978688;11;YES;NO;1;Pick Interrupted;0;1;3
DG5VTJ3;0;21172696;12;NO;NO;1;Pass Zone;1;0;5
DG6VTJ3;0;163170915;12;NO;NO;1;Pass Zone;1;0;5
DG7VTJ3;0;21172769;12;NO;NO;1;Pass Zone;1;0;5
DGLQTJ3;0;33631126;11;YES;NO;2;Pass Zone;1;0;5
DGNQTJ3;0;191914734;11;YES;NO;2;Pass Zone;1;0;5
DH5VTJ3;0;21172696;12;NO;NO;1;Pass Zone;1;0;5
DH7VTJ3;0;21172769;12;NO;NO;1;Pass Zone;1;0;5
DH9TTJ3;0;172383503;12;NO;NO;1;Pass Zone;1;0;5
DJ5VTJ3;0;21172697;12;NO;NO;1;Pass Zone;1;0;5
DJ7VTJ3;0;21172769;12;NO;NO;1;Pass Zone;1;0;5
DJH0SJ3;0;132085164;15;NO;NO;0;Pick Interrupted;0;1;13
DK5VTJ3;0;21172697;12;NO;NO;1;Pass Zone;1;0;5
DKGTTJ3;0;21172534;12;NO;NO;1;Pass Zone;1;0;5
DKMQTJ3;0;662860796;15;NO;NO;0;Pass Zone;1;0;5
DL5VTJ3;0;21172697;12;NO;NO;1;Pass Zone;1;0;5
DL6VTJ3;0;252186860;11;NO;NO;2;Pass Zone;1;0;5
DLGTTJ3;0;21172534;12;NO;NO;1;Pass Zone;1;0;5
DM2WTJ3;0;172382064;11;NO;NO;2;Pass Zone;1;0;5
DMGTTJ3;0;21172545;12;NO;NO;1;Pass Zone;1;0;5
DN5VTJ3;0;21172697;12;NO;NO;1;Pass Zone;1;0;5
DNFTTJ3;0;84224738;12;NO;NO;1;Pass Zone;1;0;5
DP1VTJ3;0;20826488;11;NO;NO;2;Pass Zone;1;0;5
DPFTTJ3;0;84224738;12;NO;NO;1;Pass Zone;1;0;5
DQFTTJ3;0;84224738;12;YES;NO;1;Pass Zone;1;0;5
DQFTTJ3;0;84224738;12;YES;NO;1;Pick Interrupted;0;1;6
DQSQTJ3;0;662925902;12;YES;NO;1;Pass Zone;1;0;5
DRBTTJ3;0;273681645;11;NO;NO;1;Pass Zone;1;0;5
DSBTTJ3;0;273681646;12;NO;NO;1;Pass Zone;1;0;5
DTBTTJ3;0;273681646;12;NO;NO;1;Pass Zone;1;0;5
DVBTTJ3;0;273681646;12;NO;NO;1;Pass Zone;1;0;5
DVDTTJ3;0;21172708;15;NO;NO;0;Pass Zone;1;0;5
DVJQTJ3;0;671619741;12;NO;NO;1;Pass Zone;1;0;5
DVKQTJ3;0;163085438;12;YES;NO;1;Pass Zone;1;0;5
DVNQTJ3;0;323137686;15;NO;NO;0;Pick Interrupted;0;1;13
DW4VTJ3;0;21172688;12;NO;NO;1;Pass Zone;1;0;5
DWQQTJ3;0;273663999;12;YES;NO;1;Pass Zone;1;0;5
DX4VTJ3;0;21172688;12;NO;NO;1;Pass Zone;1;0;5
DY4VTJ3;0;21172688;12;NO;NO;1;Pass Zone;1;0;5
DZ1WTJ3;0;273672658;12;NO;NO;1;Pass Zone;1;0;5
DZ4VTJ3;0;21172688;12;NO;NO;1;Pass Zone;1;0;5
DZ9TTJ3;0;273695814;11;NO;NO;1;Pass Zone;1;0;5
F02WTJ3;0;273672658;12;NO;NO;1;Pass Zone;1;0;5
F04VTJ3;0;361275237;12;NO;NO;1;Pass Zone;1;0;5
F05VTJ3;0;21172688;12;NO;NO;1;Pass Zone;1;0;5
F12WTJ3;0;273672658;12;NO;NO;1;Pass Zone;1;0;5
F14VTJ3;0;361275237;12;NO;NO;1;Pass Zone;1;0;5
F15VTJ3;0;21172692;12;NO;NO;1;Pass Zone;1;0;5
F1KTTJ3;0;273656177;12;NO;NO;1;Pass Zone;1;0;5
F22WTJ3;0;163144452;12;NO;NO;1;Pass Zone;1;0;5
F24VTJ3;0;361275237;12;NO;NO;1;Pass Zone;1;0;5
F25VTJ3;0;21172692;12;NO;NO;1;Pass Zone;1;0;5
F2KTTJ3;0;273656177;12;NO;NO;1;Pass Zone;1;0;5
F34VTJ3;0;361275237;12;NO;NO;1;Pass Zone;1;0;5
F35VTJ3;0;21172692;12;NO;NO;1;Pass Zone;1;0;5
F3BTTJ3;0;273695812;11;NO;NO;2;Pass Zone;1;0;5
F3CTTJ3;0;105605460;15;NO;NO;0;Pass Zone;1;0;5
F42WTJ3;1;273657937;12;NO;NO;1;Pass Zone;1;0;5
F43VTJ3;0;21006601;11;NO;NO;2;Pass Zone;1;0;5
F44VTJ3;0;361275239;12;NO;NO;1;Pass Zone;1;0;5
F45VTJ3;0;21172692;12;NO;NO;1;Pass Zone;1;0;5
F4JTTJ3;0;172383213;15;YES;NO;0;Pass Zone;1;0;5
F52WTJ3;0;163153275;12;NO;NO;1;Pass Zone;1;0;5
F54VTJ3;0;361275239;12;NO;NO;1;Pass Zone;1;0;5
F55VTJ3;0;21172692;12;NO;NO;1;Pass Zone;1;0;5
F64VTJ3;0;361275239;12;NO;NO;1;Pass Zone;1;0;5
F77VTJ3;0;21172771;12;NO;NO;1;Pass Zone;1;0;5
F7RQTJ3;0;105595557;11;NO;NO;1;Pass Zone;1;0;5
F87VTJ3;0;21172771;12;NO;NO;1;Pass Zone;1;0;5
F8VNTJ3;0;144207129;15;NO;NO;0;Pick Interrupted;0;1;13
F97VTJ3;0;21172771;12;NO;NO;1;Pass Zone;1;0;5
FB7VTJ3;0;21172771;12;NO;NO;1;Pass Zone;1;0;5
FB9TTJ3;0;273631478;11;YES;NO;1;Pass Zone;1;0;5
FC5VTJ3;0;21172696;12;NO;NO;1;Pass Zone;1;0;5
FC7VTJ3;0;21172771;12;NO;NO;1;Pass Zone;1;0;5
FD0PTJ3;0;662860795;15;NO;NO;0;Pass Zone;1;0;5
FD2VTJ3;0;20827476;11;NO;NO;1;Pass Zone;1;0;5
FD5VTJ3;0;21172696;12;NO;NO;1;Pass Zone;1;0;5
FD7VTJ3;0;21172769;12;NO;NO;1;Pass Zone;1;0;5
FF1PTJ3;0;282978688;11;NO;NO;2;Pass Zone;1;0;5
FF5VTJ3;0;21172696;12;NO;NO;1;Pass Zone;1;0;5
FF7VTJ3;0;21172769;12;NO;NO;1;Pass Zone;1;0;5
FFGTTJ3;0;21172519;11;NO;NO;1;Pass Zone;1;0;5
FG5VTJ3;0;21172696;12;NO;NO;1;Pass Zone;1;0;5
FG6VTJ3;0;163170915;12;NO;NO;1;Pass Zone;1;0;5
FG7VTJ3;0;21172769;12;NO;NO;1;Pass Zone;1;0;5
FGNQTJ3;0;191914734;11;NO;NO;2;Pick Interrupted;0;1;2
FGVNTJ3;1;105622417;15;NO;NO;0;Pick Interrupted;0;1;13
FH5VTJ3;0;21172696;12;NO;NO;1;Pass Zone;1;0;5
FH7VTJ3;0;21172769;12;NO;NO;1;Pass Zone;1;0;5
FJ5VTJ3;0;21172697;12;NO;NO;1;Pass Zone;1;0;5
FJ7VTJ3;0;21172769;12;NO;NO;1;Pass Zone;1;0;5
FJDTTJ3;0;21172702;15;YES;NO;0;Pass Zone;1;0;5
FK5VTJ3;0;21172697;12;NO;NO;1;Pass Zone;1;0;5
FKGTTJ3;0;21172534;12;NO;NO;1;Pass Zone;1;0;5
FL5VTJ3;0;21172697;12;NO;NO;1;Pass Zone;1;0;5
FLGTTJ3;0;21172545;12;NO;NO;1;Pass Zone;1;0;5
FM5VTJ3;0;21172697;12;NO;NO;1;Pass Zone;1;0;5
FMGTTJ3;0;21172545;12;NO;NO;1;Pass Zone;1;0;5
FN5VTJ3;0;21172697;12;NO;NO;1;Pass Zone;1;0;5
FNFTTJ3;0;84224738;12;NO;NO;1;Pass Zone;1;0;5
FPFTTJ3;0;84224738;12;NO;NO;1;Pass Zone;1;0;5
FQ2WTJ3;0;172382063;11;YES;NO;2;Pass Zone;1;0;5
FQFTTJ3;0;84224738;12;NO;NO;1;Pass Zone;1;0;5
FQFTTJ3;0;84224738;12;NO;NO;1;Pick Interrupted;0;1;6
FR8TTJ3;1;163143601;15;NO;NO;0;Pass Zone;1;0;5
FRBTTJ3;0;273681645;11;NO;NO;1;Pass Zone;1;0;5
FS8TTJ3;0;163144765;15;NO;NO;0;Pass Zone;1;0;5
FSBTTJ3;0;273681646;12;NO;NO;1;Pass Zone;1;0;5
FSHQTJ3;1;172383039;15;YES;NO;0;Pass Zone;1;0;5
FSJTTJ3;0;273681649;11;NO;NO;1;Pass Zone;1;0;5
FTBTTJ3;0;273681646;12;NO;NO;1;Pass Zone;1;0;5
FVBTTJ3;0;273681646;12;NO;NO;1;Pass Zone;1;0;5
FVJQTJ3;0;671619741;12;NO;NO;1;Pass Zone;1;0;5
FW4VTJ3;0;21172688;12;NO;NO;1;Pass Zone;1;0;5
FWQQTJ3;0;273663999;11;YES;NO;1;Pass Zone;1;0;5
FX4VTJ3;0;21172688;12;NO;NO;1;Pass Zone;1;0;5
FY4VTJ3;0;21172688;12;NO;NO;1;Pass Zone;1;0;5
FYCTTJ3;0;252186854;11;NO;NO;1;Pass Zone;1;0;5
FZ0VTJ3;0;323135109;15;NO;NO;0;Pass Zone;1;0;5
FZ1WTJ3;0;273672658;12;NO;NO;1;Pass Zone;1;0;5
FZ4VTJ3;0;21172688;12;NO;NO;1;Pass Zone;1;0;5
G02WTJ3;0;273672658;12;NO;NO;1;Pass Zone;1;0;5
G04VTJ3;0;361275237;12;NO;NO;1;Pass Zone;1;0;5
G05VTJ3;0;21172688;12;NO;NO;1;Pass Zone;1;0;5
G12WTJ3;0;273672658;12;NO;NO;1;Pass Zone;1;0;5
G14VTJ3;0;361275237;12;NO;NO;1;Pass Zone;1;0;5
G15VTJ3;0;21172692;12;NO;NO;1;Pass Zone;1;0;5
G1KTTJ3;0;273656177;12;NO;NO;1;Pass Zone;1;0;5
G22WTJ3;0;163144452;12;NO;NO;1;Pass Zone;1;0;5
G24VTJ3;0;361275237;12;NO;NO;1;Pass Zone;1;0;5
G25VTJ3;0;21172692;12;NO;NO;1;Pass Zone;1;0;5
G2KTTJ3;0;273656177;12;NO;NO;1;Pass Zone;1;0;5
G2QQTJ3;0;671649986;12;NO;NO;1;Pass Zone;1;0;5
G34VTJ3;0;361275239;12;NO;NO;1;Pass Zone;1;0;5
G35VTJ3;0;21172692;12;NO;NO;1;Pass Zone;1;0;5
G3BTTJ3;0;273695812;11;NO;NO;2;Pass Zone;1;0;5
G3RQTJ3;0;273681644;11;YES;NO;2;Pass Zone;1;0;5
G3YNTJ3;1;273646157;11;YES;NO;2;Pass Zone;1;0;5
G3YNTJ3;1;273646157;11;YES;NO;2;Pick Interrupted;0;1;2
G41VTJ3;0;20926532;15;NO;NO;0;Pass Zone;1;0;5
G42VTJ3;0;20826950;11;NO;NO;1;Pass Zone;1;0;5
G42WTJ3;1;273657937;12;NO;NO;1;Pass Zone;1;0;5
G44VTJ3;0;361275239;12;NO;NO;1;Pass Zone;1;0;5
G45VTJ3;0;21172692;12;NO;NO;1;Pass Zone;1;0;5
G52WTJ3;0;163153275;12;NO;NO;1;Pass Zone;1;0;5
G54VTJ3;0;361275239;12;NO;NO;1;Pass Zone;1;0;5
G55VTJ3;0;21172692;12;NO;NO;1;Pass Zone;1;0;5
G5JTTJ3;0;132092747;15;YES;NO;0;Pick Interrupted;0;1;13
G64VTJ3;0;361275239;12;NO;NO;1;Pass Zone;1;0;5
G70PTJ3;0;662860797;15;NO;NO;0;Pass Zone;1;0;5
G72VTJ3;0;20826952;11;YES;NO;2;Pass Zone;1;0;5
G77VTJ3;0;21172771;12;NO;NO;1;Pass Zone;1;0;5
G7SQTJ3;0;671649988;15;YES;NO;0;Pass Zone;1;0;5
G87VTJ3;0;21172771;12;NO;NO;1;Pass Zone;1;0;5
G97VTJ3;0;21172771;12;NO;NO;1;Pass Zone;1;0;5
G9RQTJ3;0;105595557;11;YES;NO;1;Pass Zone;1;0;5
GB5VTJ3;0;21172694;11;NO;NO;2;Pass Zone;1;0;5
GB7VTJ3;0;21172771;12;NO;NO;1;Pass Zone;1;0;5
GC5VTJ3;0;21172696;12;NO;NO;1;Pass Zone;1;0;5
GC7VTJ3;0;21172771;12;NO;NO;1;Pass Zone;1;0;5
GD5VTJ3;0;21172696;12;NO;NO;1;Pass Zone;1;0;5
GD7VTJ3;0;21172769;12;NO;NO;1;Pass Zone;1;0;5
GDKTTJ3;0;671648124;15;YES;NO;0;Pass Zone;1;0;5
GF5VTJ3;0;21172696;12;NO;NO;1;Pass Zone;1;0;5
GF7VTJ3;0;21172769;12;NO;NO;1;Pass Zone;1;0;5
GG5VTJ3;0;21172696;12;NO;NO;1;Pass Zone;1;0;5
GG6VTJ3;0;163170915;12;NO;NO;1;Pass Zone;1;0;5
GG7VTJ3;0;21172769;12;NO;NO;1;Pass Zone;1;0;5
GGNQTJ3;0;191914734;11;YES;NO;1;Pass Zone;1;0;5
GGPQTJ3;0;452088002;15;YES;NO;0;Pass Zone;1;0;5
GH5VTJ3;0;21172696;12;NO;NO;1;Pass Zone;1;0;5
GH7VTJ3;0;21172769;12;NO;NO;1;Pass Zone;1;0;5
GH9TTJ3;0;172383503;12;NO;NO;1;Pass Zone;1;0;5
GJ5VTJ3;0;21172697;12;NO;NO;1;Pass Zone;1;0;5
GJ7VTJ3;0;21172769;12;NO;NO;1;Pass Zone;1;0;5
GK1VTJ3;0;20926548;15;NO;NO;0;Pass Zone;1;0;5
GK5VTJ3;0;21172697;12;NO;NO;1;Pass Zone;1;0;5
GKGTTJ3;0;21172534;12;NO;NO;1;Pass Zone;1;0;5
GKPQTJ3;0;182020684;11;NO;NO;2;Pass Zone;1;0;5
GKSQTJ3;1;172380965;15;YES;NO;0;Pass Zone;1;0;5
GL5VTJ3;0;21172697;12;NO;NO;1;Pass Zone;1;0;5
GLGTTJ3;0;21172545;12;NO;NO;1;Pass Zone;1;0;5
GM5VTJ3;0;21172697;12;NO;NO;1;Pass Zone;1;0;5
GMGTTJ3;0;21172545;12;NO;NO;1;Pass Zone;1;0;5
GMMQTJ3;0;273696112;11;NO;NO;1;Pass Zone;1;0;5
GN1VTJ3;0;361272645;11;NO;NO;2;Pass Zone;1;0;5
GN5VTJ3;0;21172697;12;NO;NO;1;Pass Zone;1;0;5
GNFTTJ3;0;84224738;12;NO;NO;1;Pass Zone;1;0;5
GP1VTJ3;0;20826488;11;NO;NO;2;Pass Zone;1;0;5
GPFTTJ3;0;84224738;12;NO;NO;1;Pass Zone;1;0;5
GQFTTJ3;0;84224738;12;NO;NO;1;Pass Zone;1;0;5
GSBTTJ3;0;273681646;12;NO;NO;1;Pass Zone;1;0;5
GSHQTJ3;1;172383039;15;YES;NO;0;Pass Zone;1;0;5
GTBTTJ3;0;273681646;12;NO;NO;1;Pass Zone;1;0;5
GVBTTJ3;0;273681646;12;NO;NO;1;Pass Zone;1;0;5
GVJQTJ3;0;671619741;12;NO;NO;1;Pass Zone;1;0;5
GW4VTJ3;0;21172688;12;NO;NO;1;Pass Zone;1;0;5
GX4VTJ3;0;21172688;12;NO;NO;1;Pass Zone;1;0;5
GY1VTJ3;0;20826645;11;NO;NO;2;Pass Zone;1;0;5
GY1WTJ3;0;172376398;12;YES;NO;1;Pass Zone;1;0;5
GY4VTJ3;0;21172688;12;NO;NO;1;Pass Zone;1;0;5
GYSQTJ3;0;662925942;11;NO;NO;2;Pass Zone;1;0;5
GZ1WTJ3;0;273672658;12;NO;NO;1;Pass Zone;1;0;5
GZ4VTJ3;0;21172688;12;NO;NO;1;Pass Zone;1;0;5
GZGTTJ3;0;273695809;11;NO;NO;2;Pass Zone;1;0;5
H02WTJ3;0;273672658;12;NO;NO;1;Pass Zone;1;0;5
H04VTJ3;0;361275237;12;NO;NO;1;Pass Zone;1;0;5
H05VTJ3;0;21172688;12;NO;NO;1;Pass Zone;1;0;5
H12WTJ3;0;273672658;12;NO;NO;1;Pass Zone;1;0;5
H14VTJ3;0;361275237;12;NO;NO;1;Pass Zone;1;0;5
H15VTJ3;0;21172692;12;YES;NO;1;Pass Zone;1;0;5
H1KTTJ3;0;273656177;12;NO;NO;1;Pass Zone;1;0;5
H22WTJ3;0;163144452;12;NO;NO;1;Pass Zone;1;0;5
H24VTJ3;0;361275237;12;NO;NO;1;Pass Zone;1;0;5
H25VTJ3;0;21172692;12;NO;NO;1;Pass Zone;1;0;5
H2FTTJ3;0;21085374;11;NO;NO;2;Pass Zone;1;0;5
H2KTTJ3;0;273656177;12;NO;NO;1;Pass Zone;1;0;5
H34VTJ3;0;361275239;12;NO;NO;1;Pass Zone;1;0;5
H35VTJ3;0;21172692;12;NO;NO;1;Pass Zone;1;0;5
H42WTJ3;1;273657937;12;NO;NO;1;Pass Zone;1;0;5
H44VTJ3;0;361275239;12;NO;NO;1;Pass Zone;1;0;5
H45VTJ3;0;21172692;12;NO;NO;1;Pass Zone;1;0;5
H46VTJ3;0;21006558;11;NO;NO;1;Pass Zone;1;0;5
H4RNTJ3;0;471461409;15;NO;NO;0;Pass Zone;1;0;5
H52WTJ3;0;163153376;12;NO;NO;1;Pass Zone;1;0;5
H54VTJ3;0;361275239;12;NO;NO;1;Pass Zone;1;0;5
H55VTJ3;0;21172692;12;NO;NO;1;Pass Zone;1;0;5
H61VTJ3;0;20926536;15;NO;NO;0;Pass Zone;1;0;5
H64VTJ3;0;361275239;12;NO;NO;1;Pass Zone;1;0;5
H77VTJ3;0;21172771;12;NO;NO;1;Pass Zone;1;0;5
H87VTJ3;0;21172771;12;NO;NO;1;Pass Zone;1;0;5
H97VTJ3;0;21172771;12;NO;NO;1;Pass Zone;1;0;5
H9JTTJ3;0;163166750;11;YES;NO;1;Pass Zone;1;0;5
HB7VTJ3;0;21172771;12;NO;NO;1;Pass Zone;1;0;5
HC5VTJ3;0;21172696;12;NO;NO;1;Pass Zone;1;0;5
HC7VTJ3;0;21172771;12;NO;NO;1;Pass Zone;1;0;5
HD5VTJ3;0;21172696;12;NO;NO;1;Pass Zone;1;0;5
HD7VTJ3;0;21172769;12;NO;NO;1;Pass Zone;1;0;5
HDSQTJ3;0;163169425;11;NO;NO;1;Pass Zone;1;0;5
HF5VTJ3;0;21172696;12;NO;NO;1;Pass Zone;1;0;5
HF7VTJ3;0;21172769;12;NO;NO;1;Pass Zone;1;0;5
HG5VTJ3;0;21172696;12;NO;NO;1;Pass Zone;1;0;5
HG6VTJ3;0;163170915;12;NO;NO;1;Pass Zone;1;0;5
HG7VTJ3;0;21172769;12;NO;NO;1;Pass Zone;1;0;5
HG9TTJ3;0;172383503;12;YES;NO;1;Pass Zone;1;0;5
HGPQTJ3;0;452088003;15;YES;NO;0;Pass Zone;1;0;5
HH5VTJ3;0;21172696;12;NO;NO;1;Pass Zone;1;0;5
HH7VTJ3;0;21172769;12;NO;NO;1;Pass Zone;1;0;5
HHCTTJ3;0;105605459;15;NO;NO;0;Pass Zone;1;0;5
HJ5VTJ3;0;21172697;12;NO;NO;1;Pass Zone;1;0;5
HJ7VTJ3;0;21172769;12;NO;NO;1;Pass Zone;1;0;5
HK5VTJ3;0;21172697;12;NO;NO;1;Pass Zone;1;0;5
HKGTTJ3;0;21172534;12;NO;NO;1;Pass Zone;1;0;5
HKSQTJ3;1;172380965;15;YES;NO;0;Pass Zone;1;0;5
HL5VTJ3;0;21172697;12;NO;NO;1;Pass Zone;1;0;5
HLGTTJ3;0;21172545;12;NO;NO;1;Pass Zone;1;0;5
HM5VTJ3;0;21172697;12;NO;NO;1;Pass Zone;1;0;5
HMGTTJ3;0;21172545;12;NO;NO;1;Pass Zone;1;0;5
HN5VTJ3;0;21172697;12;NO;NO;1;Pass Zone;1;0;5
HNFTTJ3;0;84224738;12;NO;NO;1;Pass Zone;1;0;5
HP2VTJ3;0;20827471;11;NO;NO;1;Pass Zone;1;0;5
HPFTTJ3;0;84224738;12;NO;NO;1;Pass Zone;1;0;5
HPSQTJ3;0;662925902;12;NO;NO;1;Pass Zone;1;0;5
HQ2VTJ3;0;20827471;11;NO;NO;1;Pass Zone;1;0;5
HQFTTJ3;0;84224738;12;NO;NO;1;Pass Zone;1;0;5
HQHQTJ3;0;671649479;15;YES;NO;0;Pass Zone;1;0;5
HR0VTJ3;0;20826678;15;NO;NO;0;Pass Zone;1;0;5
HR2WTJ3;0;540601809;11;NO;NO;1;Pass Zone;1;0;5
HRNQTJ3;0;105642130;15;NO;NO;0;Pass Zone;1;0;5
HRSQTJ3;0;662925902;12;NO;NO;1;Pass Zone;1;0;5
HSBTTJ3;0;273681646;12;NO;NO;1;Pass Zone;1;0;5
HSHQTJ3;1;172383039;15;YES;NO;0;Pass Zone;1;0;5
HSHTTJ3;0;264802127;11;NO;NO;1;Pass Zone;1;0;5
HSJTTJ3;0;273681649;11;NO;NO;1;Pass Zone;1;0;5
HTBTTJ3;0;273681646;12;NO;NO;1;Pass Zone;1;0;5
HVBTTJ3;0;273681646;12;NO;NO;1;Pass Zone;1;0;5
HVJQTJ3;0;671619741;12;NO;NO;1;Pass Zone;1;0;5
HW4VTJ3;0;21172688;12;NO;NO;1;Pass Zone;1;0;5
HWJQTJ3;0;671620038;11;NO;NO;2;Pass Zone;1;0;5
HWMQTJ3;0;671580500;11;YES;NO;2;Pass Zone;1;0;5
HX4VTJ3;0;21172688;12;NO;NO;1;Pass Zone;1;0;5
HX9TTJ3;0;671648147;15;YES;NO;0;Pass Zone;1;0;5
HY1WTJ3;0;172376398;12;NO;NO;1;Pass Zone;1;0;5
HY4VTJ3;0;21172688;12;NO;NO;1;Pass Zone;1;0;5
HYKQTJ3;0;264802175;11;NO;NO;1;Pass Zone;1;0;5
HZ1VTJ3;0;20826637;11;NO;NO;2;Pass Zone;1;0;5
HZ1WTJ3;0;273672658;12;NO;NO;1;Pass Zone;1;0;5
HZ4VTJ3;0;21172688;12;NO;NO;1;Pass Zone;1;0;5
J02WTJ3;0;273672658;12;NO;NO;1;Pass Zone;1;0;5
J04VTJ3;0;361275237;12;NO;NO;1;Pass Zone;1;0;5
J05VTJ3;0;21172688;12;NO;NO;1;Pass Zone;1;0;5
J12WTJ3;0;273672658;12;NO;NO;1;Pass Zone;1;0;5
J14VTJ3;0;361275237;12;NO;NO;1;Pass Zone;1;0;5
J15VTJ3;0;21172692;12;NO;NO;1;Pass Zone;1;0;5
J1KTTJ3;0;273656177;12;NO;NO;1;Pass Zone;1;0;5
J1MQTJ3;0;152899456;12;YES;NO;1;Pass Zone;1;0;5
J1QQTJ3;0;671649986;12;NO;NO;1;Pass Zone;1;0;5
J22WTJ3;0;163144452;12;NO;NO;1;Pass Zone;1;0;5
J24VTJ3;0;361275237;12;NO;NO;1;Pass Zone;1;0;5
J25VTJ3;0;21172692;12;NO;NO;1;Pass Zone;1;0;5
J2KTTJ3;0;273656177;12;NO;NO;1;Pass Zone;1;0;5
J32VTJ3;0;20826950;11;NO;NO;1;Pass Zone;1;0;5
J32WTJ3;1;273657937;12;NO;NO;1;Pass Zone;1;0;5
J34VTJ3;0;361275239;12;NO;NO;1;Pass Zone;1;0;5
J35VTJ3;0;21172692;12;NO;NO;1;Pass Zone;1;0;5
J42WTJ3;1;273657937;12;NO;NO;1;Pass Zone;1;0;5
J44VTJ3;0;361275239;12;NO;NO;1;Pass Zone;1;0;5
J45VTJ3;0;21172692;12;NO;NO;1;Pass Zone;1;0;5
J52WTJ3;0;163153376;12;NO;NO;1;Pass Zone;1;0;5
J54VTJ3;0;361275239;12;NO;NO;1;Pass Zone;1;0;5
J55VTJ3;0;21172692;12;NO;NO;1;Pass Zone;1;0;5
J64VTJ3;0;361275236;11;YES;NO;1;Pass Zone;1;0;5
J77VTJ3;0;21172771;12;NO;NO;1;Pass Zone;1;0;5
J83MTJ3;0;671570933;15;NO;NO;0;Pass Zone;1;0;5
J87VTJ3;0;21172771;12;NO;NO;1;Pass Zone;1;0;5
J97VTJ3;0;21172771;12;NO;NO;1;Pass Zone;1;0;5
JB7VTJ3;0;21172771;12;NO;NO;1;Pass Zone;1;0;5
JC5VTJ3;0;21172696;12;NO;NO;1;Pass Zone;1;0;5
JC7VTJ3;0;21172771;12;NO;NO;1;Pass Zone;1;0;5
JCNQTJ3;0;84232934;15;YES;NO;0;Pass Zone;1;0;5
JD5VTJ3;0;21172696;12;NO;NO;1;Pass Zone;1;0;5
JD7VTJ3;0;21172769;12;NO;NO;1;Pass Zone;1;0;5
JF2VTJ3;0;20827476;11;NO;NO;1;Pass Zone;1;0;5
JF5VTJ3;0;21172696;12;NO;NO;1;Pass Zone;1;0;5
JF7VTJ3;0;21172769;12;NO;NO;1;Pass Zone;1;0;5
JFPQTJ3;0;113908900;11;NO;NO;1;Pass Zone;1;0;5
JG5VTJ3;0;21172696;12;NO;NO;1;Pass Zone;1;0;5
JG6VTJ3;0;163170915;12;NO;NO;1;Pass Zone;1;0;5
JG7VTJ3;0;21172769;12;NO;NO;1;Pass Zone;1;0;5
JH5VTJ3;0;21172696;12;NO;NO;1;Pass Zone;1;0;5
JH7VTJ3;0;21172769;12;NO;NO;1;Pass Zone;1;0;5
JHBTTJ3;0;671650363;15;YES;NO;0;Pass Zone;1;0;5
JHCTTJ3;0;105605459;15;NO;NO;0;Pass Zone;1;0;5
JJ5VTJ3;0;21172697;12;NO;NO;1;Pass Zone;1;0;5
JJ7VTJ3;0;21172769;12;NO;NO;1;Pass Zone;1;0;5
JK2VTJ3;0;20827468;11;YES;NO;2;Pass Zone;1;0;5
JK5VTJ3;0;21172697;12;NO;NO;1;Pass Zone;1;0;5
JKDTTJ3;0;21172712;11;NO;NO;1;Pass Zone;1;0;5
JKGTTJ3;0;21172534;12;NO;NO;1;Pass Zone;1;0;5
JL5VTJ3;0;21172697;12;NO;NO;1;Pass Zone;1;0;5
JLGTTJ3;0;21172545;12;NO;NO;1;Pass Zone;1;0;5
JM2VTJ3;0;20827483;11;NO;NO;1;Pass Zone;1;0;5
JM5VTJ3;0;21172697;12;NO;NO;1;Pass Zone;1;0;5
JMGTTJ3;0;21172545;12;NO;NO;1;Pass Zone;1;0;5
JN5VTJ3;0;21172697;12;NO;NO;1;Pass Zone;1;0;5
JNFTTJ3;0;84224738;12;YES;NO;1;Pass Zone;1;0;5
JPFTTJ3;0;84224738;12;NO;NO;1;Pass Zone;1;0;5
JR8TTJ3;0;163144764;15;NO;NO;0;Pass Zone;1;0;5
JRBTTJ3;0;273681645;11;NO;NO;1;Pass Zone;1;0;5
JRPQTJ3;0;152915913;11;NO;NO;1;Pass Zone;1;0;5
JRQQTJ3;0;282986261;11;NO;NO;1;Pass Zone;1;0;5
JSBTTJ3;0;273681646;12;NO;NO;1;Pass Zone;1;0;5
JSDTTJ3;0;21172708;15;YES;NO;0;Pass Zone;1;0;5
JSHQTJ3;1;172383039;15;YES;NO;0;Pass Zone;1;0;5
JTBTTJ3;0;273681646;12;NO;NO;1;Pass Zone;1;0;5
JVBTTJ3;0;273681646;12;NO;NO;1;Pass Zone;1;0;5
JW4VTJ3;0;21172688;12;NO;NO;1;Pass Zone;1;0;5
JX4VTJ3;0;21172688;12;NO;NO;1;Pass Zone;1;0;5
JY1WTJ3;0;172376398;12;NO;NO;1;Pass Zone;1;0;5
JY4VTJ3;0;21172688;12;NO;NO;1;Pass Zone;1;0;5
JZ0WTJ3;0;273648028;11;NO;NO;1;Pass Zone;1;0;5
JZ1WTJ3;0;273672658;12;NO;NO;1;Pass Zone;1;0;5
JZ2VTJ3;0;21006562;11;YES;NO;2;Pass Zone;1;0;5
JZ4VTJ3;0;21172688;12;NO;NO;1;Pass Zone;1;0;5
JZLQTJ3;0;152899459;12;NO;NO;1;Pass Zone;1;0;5
1200;29
